modell,split,video,seed,takte_n,takte_richtig
voll12,alle Personen (80/20),sampo_antoine_ircam_12,0,24,18
voll12,alle Personen (80/20),sampo_antoine_ircam_13,0,26,19
voll12,alle Personen (80/20),sampo_nikita_ircam_10,0,28,18
voll12,alle Personen (80/20),sampo_nikita_ircam_11,0,25,12
voll12,alle Personen (80/20),sampo_antoine_ircam_12,1,24,17
voll12,alle Personen (80/20),sampo_antoine_ircam_13,1,26,19
voll12,alle Personen (80/20),sampo_nikita_ircam_10,1,28,16
voll12,alle Personen (80/20),sampo_nikita_ircam_11,1,25,13
voll12,alle Personen (80/20),sampo_antoine_ircam_12,2,24,18
voll12,alle Personen (80/20),sampo_antoine_ircam_13,2,26,19
voll12,alle Personen (80/20),sampo_nikita_ircam_10,2,28,18
voll12,alle Personen (80/20),sampo_nikita_ircam_11,2,25,16
voll12,alle Personen (80/20),sampo_antoine_ircam_12,3,24,19
voll12,alle Personen (80/20),sampo_antoine_ircam_13,3,26,19
voll12,alle Personen (80/20),sampo_nikita_ircam_10,3,28,15
voll12,alle Personen (80/20),sampo_nikita_ircam_11,3,25,11
voll12,alle Personen (80/20),sampo_antoine_ircam_12,4,24,18
voll12,alle Personen (80/20),sampo_antoine_ircam_13,4,26,18
voll12,alle Personen (80/20),sampo_nikita_ircam_10,4,28,15
voll12,alle Personen (80/20),sampo_nikita_ircam_11,4,25,10
voll12,alle Personen (80/20),sampo_antoine_ircam_12,5,24,18
voll12,alle Personen (80/20),sampo_antoine_ircam_13,5,26,18
voll12,alle Personen (80/20),sampo_nikita_ircam_10,5,28,14
voll12,alle Personen (80/20),sampo_nikita_ircam_11,5,25,14
voll12,alle Personen (80/20),sampo_antoine_ircam_12,6,24,18
voll12,alle Personen (80/20),sampo_antoine_ircam_13,6,26,18
voll12,alle Personen (80/20),sampo_nikita_ircam_10,6,28,19
voll12,alle Personen (80/20),sampo_nikita_ircam_11,6,25,14
voll12,alle Personen (80/20),sampo_antoine_ircam_12,7,24,17
voll12,alle Personen (80/20),sampo_antoine_ircam_13,7,26,17
voll12,alle Personen (80/20),sampo_nikita_ircam_10,7,28,16
voll12,alle Personen (80/20),sampo_nikita_ircam_11,7,25,9
voll12,alle Personen (80/20),sampo_antoine_ircam_12,8,24,19
voll12,alle Personen (80/20),sampo_antoine_ircam_13,8,26,20
voll12,alle Personen (80/20),sampo_nikita_ircam_10,8,28,19
voll12,alle Personen (80/20),sampo_nikita_ircam_11,8,25,15
voll12,alle Personen (80/20),sampo_antoine_ircam_12,9,24,18
voll12,alle Personen (80/20),sampo_antoine_ircam_13,9,26,18
voll12,alle Personen (80/20),sampo_nikita_ircam_10,9,28,17
voll12,alle Personen (80/20),sampo_nikita_ircam_11,9,25,15
pos4,alle Personen (80/20),sampo_antoine_ircam_12,0,24,17
pos4,alle Personen (80/20),sampo_antoine_ircam_13,0,26,16
pos4,alle Personen (80/20),sampo_nikita_ircam_10,0,28,17
pos4,alle Personen (80/20),sampo_nikita_ircam_11,0,25,13
pos4,alle Personen (80/20),sampo_antoine_ircam_12,1,24,17
pos4,alle Personen (80/20),sampo_antoine_ircam_13,1,26,18
pos4,alle Personen (80/20),sampo_nikita_ircam_10,1,28,15
pos4,alle Personen (80/20),sampo_nikita_ircam_11,1,25,15
pos4,alle Personen (80/20),sampo_antoine_ircam_12,2,24,18
pos4,alle Personen (80/20),sampo_antoine_ircam_13,2,26,21
pos4,alle Personen (80/20),sampo_nikita_ircam_10,2,28,18
pos4,alle Personen (80/20),sampo_nikita_ircam_11,2,25,12
pos4,alle Personen (80/20),sampo_antoine_ircam_12,3,24,19
pos4,alle Personen (80/20),sampo_antoine_ircam_13,3,26,18
pos4,alle Personen (80/20),sampo_nikita_ircam_10,3,28,19
pos4,alle Personen (80/20),sampo_nikita_ircam_11,3,25,16
pos4,alle Personen (80/20),sampo_antoine_ircam_12,4,24,18
pos4,alle Personen (80/20),sampo_antoine_ircam_13,4,26,19
pos4,alle Personen (80/20),sampo_nikita_ircam_10,4,28,19
pos4,alle Personen (80/20),sampo_nikita_ircam_11,4,25,14
pos4,alle Personen (80/20),sampo_antoine_ircam_12,5,24,19
pos4,alle Personen (80/20),sampo_antoine_ircam_13,5,26,20
pos4,alle Personen (80/20),sampo_nikita_ircam_10,5,28,20
pos4,alle Personen (80/20),sampo_nikita_ircam_11,5,25,11
pos4,alle Personen (80/20),sampo_antoine_ircam_12,6,24,18
pos4,alle Personen (80/20),sampo_antoine_ircam_13,6,26,19
pos4,alle Personen (80/20),sampo_nikita_ircam_10,6,28,16
pos4,alle Personen (80/20),sampo_nikita_ircam_11,6,25,12
pos4,alle Personen (80/20),sampo_antoine_ircam_12,7,24,18
pos4,alle Personen (80/20),sampo_antoine_ircam_13,7,26,19
pos4,alle Personen (80/20),sampo_nikita_ircam_10,7,28,15
pos4,alle Personen (80/20),sampo_nikita_ircam_11,7,25,11
pos4,alle Personen (80/20),sampo_antoine_ircam_12,8,24,19
pos4,alle Personen (80/20),sampo_antoine_ircam_13,8,26,18
pos4,alle Personen (80/20),sampo_nikita_ircam_10,8,28,15
pos4,alle Personen (80/20),sampo_nikita_ircam_11,8,25,12
pos4,alle Personen (80/20),sampo_antoine_ircam_12,9,24,20
pos4,alle Personen (80/20),sampo_antoine_ircam_13,9,26,17
pos4,alle Personen (80/20),sampo_nikita_ircam_10,9,28,11
pos4,alle Personen (80/20),sampo_nikita_ircam_11,9,25,11
tips6pos,alle Personen (80/20),sampo_antoine_ircam_12,0,24,19
tips6pos,alle Personen (80/20),sampo_antoine_ircam_13,0,26,21
tips6pos,alle Personen (80/20),sampo_nikita_ircam_10,0,28,19
tips6pos,alle Personen (80/20),sampo_nikita_ircam_11,0,25,14
tips6pos,alle Personen (80/20),sampo_antoine_ircam_12,1,24,19
tips6pos,alle Personen (80/20),sampo_antoine_ircam_13,1,26,19
tips6pos,alle Personen (80/20),sampo_nikita_ircam_10,1,28,15
tips6pos,alle Personen (80/20),sampo_nikita_ircam_11,1,25,12
tips6pos,alle Personen (80/20),sampo_antoine_ircam_12,2,24,19
tips6pos,alle Personen (80/20),sampo_antoine_ircam_13,2,26,20
tips6pos,alle Personen (80/20),sampo_nikita_ircam_10,2,28,17
tips6pos,alle Personen (80/20),sampo_nikita_ircam_11,2,25,14
tips6pos,alle Personen (80/20),sampo_antoine_ircam_12,3,24,19
tips6pos,alle Personen (80/20),sampo_antoine_ircam_13,3,26,21
tips6pos,alle Personen (80/20),sampo_nikita_ircam_10,3,28,13
tips6pos,alle Personen (80/20),sampo_nikita_ircam_11,3,25,15
tips6pos,alle Personen (80/20),sampo_antoine_ircam_12,4,24,19
tips6pos,alle Personen (80/20),sampo_antoine_ircam_13,4,26,18
tips6pos,alle Personen (80/20),sampo_nikita_ircam_10,4,28,13
tips6pos,alle Personen (80/20),sampo_nikita_ircam_11,4,25,12
tips6pos,alle Personen (80/20),sampo_antoine_ircam_12,5,24,18
tips6pos,alle Personen (80/20),sampo_antoine_ircam_13,5,26,21
tips6pos,alle Personen (80/20),sampo_nikita_ircam_10,5,28,17
tips6pos,alle Personen (80/20),sampo_nikita_ircam_11,5,25,12
tips6pos,alle Personen (80/20),sampo_antoine_ircam_12,6,24,20
tips6pos,alle Personen (80/20),sampo_antoine_ircam_13,6,26,22
tips6pos,alle Personen (80/20),sampo_nikita_ircam_10,6,28,14
tips6pos,alle Personen (80/20),sampo_nikita_ircam_11,6,25,12
tips6pos,alle Personen (80/20),sampo_antoine_ircam_12,7,24,19
tips6pos,alle Personen (80/20),sampo_antoine_ircam_13,7,26,20
tips6pos,alle Personen (80/20),sampo_nikita_ircam_10,7,28,17
tips6pos,alle Personen (80/20),sampo_nikita_ircam_11,7,25,12
tips6pos,alle Personen (80/20),sampo_antoine_ircam_12,8,24,18
tips6pos,alle Personen (80/20),sampo_antoine_ircam_13,8,26,19
tips6pos,alle Personen (80/20),sampo_nikita_ircam_10,8,28,16
tips6pos,alle Personen (80/20),sampo_nikita_ircam_11,8,25,14
tips6pos,alle Personen (80/20),sampo_antoine_ircam_12,9,24,19
tips6pos,alle Personen (80/20),sampo_antoine_ircam_13,9,26,19
tips6pos,alle Personen (80/20),sampo_nikita_ircam_10,9,28,18
tips6pos,alle Personen (80/20),sampo_nikita_ircam_11,9,25,14
TCN->TCN,alle Personen (80/20),sampo_antoine_ircam_12,0,24,16
TCN->TCN,alle Personen (80/20),sampo_antoine_ircam_13,0,26,19
TCN->TCN,alle Personen (80/20),sampo_nikita_ircam_10,0,28,13
TCN->TCN,alle Personen (80/20),sampo_nikita_ircam_11,0,25,8
TCN->TCN,alle Personen (80/20),sampo_antoine_ircam_12,1,24,18
TCN->TCN,alle Personen (80/20),sampo_antoine_ircam_13,1,26,18
TCN->TCN,alle Personen (80/20),sampo_nikita_ircam_10,1,28,14
TCN->TCN,alle Personen (80/20),sampo_nikita_ircam_11,1,25,9
TCN->TCN,alle Personen (80/20),sampo_antoine_ircam_12,2,24,16
TCN->TCN,alle Personen (80/20),sampo_antoine_ircam_13,2,26,18
TCN->TCN,alle Personen (80/20),sampo_nikita_ircam_10,2,28,15
TCN->TCN,alle Personen (80/20),sampo_nikita_ircam_11,2,25,10
TCN->TCN,alle Personen (80/20),sampo_antoine_ircam_12,3,24,14
TCN->TCN,alle Personen (80/20),sampo_antoine_ircam_13,3,26,19
TCN->TCN,alle Personen (80/20),sampo_nikita_ircam_10,3,28,17
TCN->TCN,alle Personen (80/20),sampo_nikita_ircam_11,3,25,9
TCN->TCN,alle Personen (80/20),sampo_antoine_ircam_12,4,24,12
TCN->TCN,alle Personen (80/20),sampo_antoine_ircam_13,4,26,17
TCN->TCN,alle Personen (80/20),sampo_nikita_ircam_10,4,28,14
TCN->TCN,alle Personen (80/20),sampo_nikita_ircam_11,4,25,8
TCN->TCN,alle Personen (80/20),sampo_antoine_ircam_12,5,24,17
TCN->TCN,alle Personen (80/20),sampo_antoine_ircam_13,5,26,21
TCN->TCN,alle Personen (80/20),sampo_nikita_ircam_10,5,28,15
TCN->TCN,alle Personen (80/20),sampo_nikita_ircam_11,5,25,8
TCN->TCN,alle Personen (80/20),sampo_antoine_ircam_12,6,24,15
TCN->TCN,alle Personen (80/20),sampo_antoine_ircam_13,6,26,19
TCN->TCN,alle Personen (80/20),sampo_nikita_ircam_10,6,28,17
TCN->TCN,alle Personen (80/20),sampo_nikita_ircam_11,6,25,8
TCN->TCN,alle Personen (80/20),sampo_antoine_ircam_12,7,24,17
TCN->TCN,alle Personen (80/20),sampo_antoine_ircam_13,7,26,16
TCN->TCN,alle Personen (80/20),sampo_nikita_ircam_10,7,28,17
TCN->TCN,alle Personen (80/20),sampo_nikita_ircam_11,7,25,8
TCN->TCN,alle Personen (80/20),sampo_antoine_ircam_12,8,24,14
TCN->TCN,alle Personen (80/20),sampo_antoine_ircam_13,8,26,18
TCN->TCN,alle Personen (80/20),sampo_nikita_ircam_10,8,28,12
TCN->TCN,alle Personen (80/20),sampo_nikita_ircam_11,8,25,7
TCN->TCN,alle Personen (80/20),sampo_antoine_ircam_12,9,24,14
TCN->TCN,alle Personen (80/20),sampo_antoine_ircam_13,9,26,18
TCN->TCN,alle Personen (80/20),sampo_nikita_ircam_10,9,28,16
TCN->TCN,alle Personen (80/20),sampo_nikita_ircam_11,9,25,12
GCN,alle Personen (80/20),sampo_antoine_ircam_12,0,24,4
GCN,alle Personen (80/20),sampo_antoine_ircam_13,0,26,2
GCN,alle Personen (80/20),sampo_nikita_ircam_10,0,28,2
GCN,alle Personen (80/20),sampo_nikita_ircam_11,0,25,2
GCN,alle Personen (80/20),sampo_antoine_ircam_12,1,24,6
GCN,alle Personen (80/20),sampo_antoine_ircam_13,1,26,7
GCN,alle Personen (80/20),sampo_nikita_ircam_10,1,28,8
GCN,alle Personen (80/20),sampo_nikita_ircam_11,1,25,7
GCN,alle Personen (80/20),sampo_antoine_ircam_12,2,24,3
GCN,alle Personen (80/20),sampo_antoine_ircam_13,2,26,4
GCN,alle Personen (80/20),sampo_nikita_ircam_10,2,28,7
GCN,alle Personen (80/20),sampo_nikita_ircam_11,2,25,3
GCN,alle Personen (80/20),sampo_antoine_ircam_12,3,24,2
GCN,alle Personen (80/20),sampo_antoine_ircam_13,3,26,2
GCN,alle Personen (80/20),sampo_nikita_ircam_10,3,28,4
GCN,alle Personen (80/20),sampo_nikita_ircam_11,3,25,4
GCN,alle Personen (80/20),sampo_antoine_ircam_12,4,24,3
GCN,alle Personen (80/20),sampo_antoine_ircam_13,4,26,1
GCN,alle Personen (80/20),sampo_nikita_ircam_10,4,28,8
GCN,alle Personen (80/20),sampo_nikita_ircam_11,4,25,3
GCN,alle Personen (80/20),sampo_antoine_ircam_12,5,24,3
GCN,alle Personen (80/20),sampo_antoine_ircam_13,5,26,3
GCN,alle Personen (80/20),sampo_nikita_ircam_10,5,28,5
GCN,alle Personen (80/20),sampo_nikita_ircam_11,5,25,7
GCN,alle Personen (80/20),sampo_antoine_ircam_12,6,24,5
GCN,alle Personen (80/20),sampo_antoine_ircam_13,6,26,5
GCN,alle Personen (80/20),sampo_nikita_ircam_10,6,28,12
GCN,alle Personen (80/20),sampo_nikita_ircam_11,6,25,5
GCN,alle Personen (80/20),sampo_antoine_ircam_12,7,24,3
GCN,alle Personen (80/20),sampo_antoine_ircam_13,7,26,6
GCN,alle Personen (80/20),sampo_nikita_ircam_10,7,28,4
GCN,alle Personen (80/20),sampo_nikita_ircam_11,7,25,6
GCN,alle Personen (80/20),sampo_antoine_ircam_12,8,24,3
GCN,alle Personen (80/20),sampo_antoine_ircam_13,8,26,4
GCN,alle Personen (80/20),sampo_nikita_ircam_10,8,28,3
GCN,alle Personen (80/20),sampo_nikita_ircam_11,8,25,6
GCN,alle Personen (80/20),sampo_antoine_ircam_12,9,24,4
GCN,alle Personen (80/20),sampo_antoine_ircam_13,9,26,3
GCN,alle Personen (80/20),sampo_nikita_ircam_10,9,28,7
GCN,alle Personen (80/20),sampo_nikita_ircam_11,9,25,9
GCN->TCN,alle Personen (80/20),sampo_antoine_ircam_12,0,24,9
GCN->TCN,alle Personen (80/20),sampo_antoine_ircam_13,0,26,9
GCN->TCN,alle Personen (80/20),sampo_nikita_ircam_10,0,28,7
GCN->TCN,alle Personen (80/20),sampo_nikita_ircam_11,0,25,8
GCN->TCN,alle Personen (80/20),sampo_antoine_ircam_12,1,24,5
GCN->TCN,alle Personen (80/20),sampo_antoine_ircam_13,1,26,7
GCN->TCN,alle Personen (80/20),sampo_nikita_ircam_10,1,28,6
GCN->TCN,alle Personen (80/20),sampo_nikita_ircam_11,1,25,4
GCN->TCN,alle Personen (80/20),sampo_antoine_ircam_12,2,24,9
GCN->TCN,alle Personen (80/20),sampo_antoine_ircam_13,2,26,9
GCN->TCN,alle Personen (80/20),sampo_nikita_ircam_10,2,28,8
GCN->TCN,alle Personen (80/20),sampo_nikita_ircam_11,2,25,9
GCN->TCN,alle Personen (80/20),sampo_antoine_ircam_12,3,24,12
GCN->TCN,alle Personen (80/20),sampo_antoine_ircam_13,3,26,11
GCN->TCN,alle Personen (80/20),sampo_nikita_ircam_10,3,28,11
GCN->TCN,alle Personen (80/20),sampo_nikita_ircam_11,3,25,5
GCN->TCN,alle Personen (80/20),sampo_antoine_ircam_12,4,24,4
GCN->TCN,alle Personen (80/20),sampo_antoine_ircam_13,4,26,2
GCN->TCN,alle Personen (80/20),sampo_nikita_ircam_10,4,28,8
GCN->TCN,alle Personen (80/20),sampo_nikita_ircam_11,4,25,6
GCN->TCN,alle Personen (80/20),sampo_antoine_ircam_12,5,24,5
GCN->TCN,alle Personen (80/20),sampo_antoine_ircam_13,5,26,6
GCN->TCN,alle Personen (80/20),sampo_nikita_ircam_10,5,28,10
GCN->TCN,alle Personen (80/20),sampo_nikita_ircam_11,5,25,6
GCN->TCN,alle Personen (80/20),sampo_antoine_ircam_12,6,24,5
GCN->TCN,alle Personen (80/20),sampo_antoine_ircam_13,6,26,4
GCN->TCN,alle Personen (80/20),sampo_nikita_ircam_10,6,28,9
GCN->TCN,alle Personen (80/20),sampo_nikita_ircam_11,6,25,4
GCN->TCN,alle Personen (80/20),sampo_antoine_ircam_12,7,24,3
GCN->TCN,alle Personen (80/20),sampo_antoine_ircam_13,7,26,7
GCN->TCN,alle Personen (80/20),sampo_nikita_ircam_10,7,28,10
GCN->TCN,alle Personen (80/20),sampo_nikita_ircam_11,7,25,6
GCN->TCN,alle Personen (80/20),sampo_antoine_ircam_12,8,24,8
GCN->TCN,alle Personen (80/20),sampo_antoine_ircam_13,8,26,5
GCN->TCN,alle Personen (80/20),sampo_nikita_ircam_10,8,28,9
GCN->TCN,alle Personen (80/20),sampo_nikita_ircam_11,8,25,11
GCN->TCN,alle Personen (80/20),sampo_antoine_ircam_12,9,24,6
GCN->TCN,alle Personen (80/20),sampo_antoine_ircam_13,9,26,6
GCN->TCN,alle Personen (80/20),sampo_nikita_ircam_10,9,28,8
GCN->TCN,alle Personen (80/20),sampo_nikita_ircam_11,9,25,8
