modell,split,bereich,soll,vorhersage,anzahl
GCN,alle Personen (80/20),antoine,2,1,5
GCN,alle Personen (80/20),antoine,2,2,11
GCN,alle Personen (80/20),antoine,2,3,16
GCN,alle Personen (80/20),antoine,2,4,4
GCN,alle Personen (80/20),antoine,2,6,4
GCN,alle Personen (80/20),antoine,3,1,11
GCN,alle Personen (80/20),antoine,3,2,25
GCN,alle Personen (80/20),antoine,3,3,41
GCN,alle Personen (80/20),antoine,3,4,3
GCN,alle Personen (80/20),antoine,4,1,28
GCN,alle Personen (80/20),antoine,4,2,127
GCN,alle Personen (80/20),antoine,4,3,125
GCN,alle Personen (80/20),antoine,4,4,13
GCN,alle Personen (80/20),antoine,4,6,47
GCN,alle Personen (80/20),antoine,5,1,6
GCN,alle Personen (80/20),antoine,5,2,11
GCN,alle Personen (80/20),antoine,5,3,11
GCN,alle Personen (80/20),antoine,5,4,7
GCN,alle Personen (80/20),antoine,5,6,5
GCN,alle Personen (80/20),antoine,6,1,8
GCN,alle Personen (80/20),antoine,6,2,9
GCN,alle Personen (80/20),antoine,6,3,9
GCN,alle Personen (80/20),antoine,6,4,6
GCN,alle Personen (80/20),antoine,6,6,8
GCN,alle Personen (80/20),antoine,7,1,9
GCN,alle Personen (80/20),antoine,7,2,11
GCN,alle Personen (80/20),antoine,7,3,11
GCN,alle Personen (80/20),antoine,7,4,1
GCN,alle Personen (80/20),antoine,7,6,8
GCN,alle Personen (80/20),nikita,2,1,12
GCN,alle Personen (80/20),nikita,2,2,14
GCN,alle Personen (80/20),nikita,2,3,4
GCN,alle Personen (80/20),nikita,2,4,8
GCN,alle Personen (80/20),nikita,2,6,2
GCN,alle Personen (80/20),nikita,3,1,10
GCN,alle Personen (80/20),nikita,3,2,15
GCN,alle Personen (80/20),nikita,3,3,31
GCN,alle Personen (80/20),nikita,3,4,5
GCN,alle Personen (80/20),nikita,3,6,19
GCN,alle Personen (80/20),nikita,4,1,85
GCN,alle Personen (80/20),nikita,4,2,105
GCN,alle Personen (80/20),nikita,4,3,91
GCN,alle Personen (80/20),nikita,4,4,65
GCN,alle Personen (80/20),nikita,4,6,24
GCN,alle Personen (80/20),nikita,5,1,26
GCN,alle Personen (80/20),nikita,5,2,5
GCN,alle Personen (80/20),nikita,5,4,3
GCN,alle Personen (80/20),nikita,5,6,6
GCN,alle Personen (80/20),nikita,6,1,22
GCN,alle Personen (80/20),nikita,6,2,3
GCN,alle Personen (80/20),nikita,6,3,7
GCN,alle Personen (80/20),nikita,6,4,6
GCN,alle Personen (80/20),nikita,6,6,2
GCN,alle Personen (80/20),nikita,7,1,16
GCN,alle Personen (80/20),nikita,7,2,14
GCN,alle Personen (80/20),nikita,7,3,4
GCN,alle Personen (80/20),nikita,7,4,5
GCN,alle Personen (80/20),nikita,7,6,1
GCN->TCN,alle Personen (80/20),antoine,2,1,15
GCN->TCN,alle Personen (80/20),antoine,2,2,13
GCN->TCN,alle Personen (80/20),antoine,2,3,9
GCN->TCN,alle Personen (80/20),antoine,2,4,3
GCN->TCN,alle Personen (80/20),antoine,3,1,7
GCN->TCN,alle Personen (80/20),antoine,3,2,33
GCN->TCN,alle Personen (80/20),antoine,3,3,29
GCN->TCN,alle Personen (80/20),antoine,3,4,9
GCN->TCN,alle Personen (80/20),antoine,3,6,2
GCN->TCN,alle Personen (80/20),antoine,4,1,21
GCN->TCN,alle Personen (80/20),antoine,4,2,78
GCN->TCN,alle Personen (80/20),antoine,4,3,107
GCN->TCN,alle Personen (80/20),antoine,4,4,82
GCN->TCN,alle Personen (80/20),antoine,4,6,52
GCN->TCN,alle Personen (80/20),antoine,5,1,9
GCN->TCN,alle Personen (80/20),antoine,5,2,6
GCN->TCN,alle Personen (80/20),antoine,5,3,1
GCN->TCN,alle Personen (80/20),antoine,5,4,7
GCN->TCN,alle Personen (80/20),antoine,5,6,7
GCN->TCN,alle Personen (80/20),antoine,6,1,2
GCN->TCN,alle Personen (80/20),antoine,6,2,7
GCN->TCN,alle Personen (80/20),antoine,6,4,23
GCN->TCN,alle Personen (80/20),antoine,6,6,8
GCN->TCN,alle Personen (80/20),antoine,7,1,4
GCN->TCN,alle Personen (80/20),antoine,7,2,1
GCN->TCN,alle Personen (80/20),antoine,7,3,5
GCN->TCN,alle Personen (80/20),antoine,7,4,15
GCN->TCN,alle Personen (80/20),antoine,7,6,15
GCN->TCN,alle Personen (80/20),nikita,2,1,6
GCN->TCN,alle Personen (80/20),nikita,2,2,14
GCN->TCN,alle Personen (80/20),nikita,2,3,11
GCN->TCN,alle Personen (80/20),nikita,2,4,9
GCN->TCN,alle Personen (80/20),nikita,3,1,4
GCN->TCN,alle Personen (80/20),nikita,3,2,25
GCN->TCN,alle Personen (80/20),nikita,3,3,26
GCN->TCN,alle Personen (80/20),nikita,3,4,19
GCN->TCN,alle Personen (80/20),nikita,3,6,6
GCN->TCN,alle Personen (80/20),nikita,4,1,58
GCN->TCN,alle Personen (80/20),nikita,4,2,90
GCN->TCN,alle Personen (80/20),nikita,4,3,83
GCN->TCN,alle Personen (80/20),nikita,4,4,111
GCN->TCN,alle Personen (80/20),nikita,4,6,28
GCN->TCN,alle Personen (80/20),nikita,5,1,13
GCN->TCN,alle Personen (80/20),nikita,5,2,11
GCN->TCN,alle Personen (80/20),nikita,5,3,2
GCN->TCN,alle Personen (80/20),nikita,5,4,2
GCN->TCN,alle Personen (80/20),nikita,5,6,2
GCN->TCN,alle Personen (80/20),nikita,6,1,11
GCN->TCN,alle Personen (80/20),nikita,6,2,7
GCN->TCN,alle Personen (80/20),nikita,6,3,14
GCN->TCN,alle Personen (80/20),nikita,6,4,6
GCN->TCN,alle Personen (80/20),nikita,6,6,2
GCN->TCN,alle Personen (80/20),nikita,7,1,13
GCN->TCN,alle Personen (80/20),nikita,7,2,4
GCN->TCN,alle Personen (80/20),nikita,7,3,10
GCN->TCN,alle Personen (80/20),nikita,7,4,8
GCN->TCN,alle Personen (80/20),nikita,7,6,5
TCN->TCN,alle Personen (80/20),antoine,2,2,18
TCN->TCN,alle Personen (80/20),antoine,2,4,22
TCN->TCN,alle Personen (80/20),antoine,3,1,2
TCN->TCN,alle Personen (80/20),antoine,3,2,13
TCN->TCN,alle Personen (80/20),antoine,3,3,38
TCN->TCN,alle Personen (80/20),antoine,3,4,27
TCN->TCN,alle Personen (80/20),antoine,4,1,6
TCN->TCN,alle Personen (80/20),antoine,4,2,14
TCN->TCN,alle Personen (80/20),antoine,4,3,36
TCN->TCN,alle Personen (80/20),antoine,4,4,275
TCN->TCN,alle Personen (80/20),antoine,4,6,9
TCN->TCN,alle Personen (80/20),antoine,5,1,1
TCN->TCN,alle Personen (80/20),antoine,5,2,5
TCN->TCN,alle Personen (80/20),antoine,5,3,13
TCN->TCN,alle Personen (80/20),antoine,5,4,10
TCN->TCN,alle Personen (80/20),antoine,5,6,1
TCN->TCN,alle Personen (80/20),antoine,6,3,1
TCN->TCN,alle Personen (80/20),antoine,6,4,34
TCN->TCN,alle Personen (80/20),antoine,6,6,5
TCN->TCN,alle Personen (80/20),antoine,7,4,31
TCN->TCN,alle Personen (80/20),antoine,7,6,9
TCN->TCN,alle Personen (80/20),nikita,2,1,6
TCN->TCN,alle Personen (80/20),nikita,2,2,6
TCN->TCN,alle Personen (80/20),nikita,2,3,2
TCN->TCN,alle Personen (80/20),nikita,2,4,26
TCN->TCN,alle Personen (80/20),nikita,3,1,4
TCN->TCN,alle Personen (80/20),nikita,3,2,21
TCN->TCN,alle Personen (80/20),nikita,3,3,23
TCN->TCN,alle Personen (80/20),nikita,3,4,31
TCN->TCN,alle Personen (80/20),nikita,3,6,1
TCN->TCN,alle Personen (80/20),nikita,4,1,57
TCN->TCN,alle Personen (80/20),nikita,4,2,39
TCN->TCN,alle Personen (80/20),nikita,4,3,42
TCN->TCN,alle Personen (80/20),nikita,4,4,206
TCN->TCN,alle Personen (80/20),nikita,4,6,26
TCN->TCN,alle Personen (80/20),nikita,5,1,17
TCN->TCN,alle Personen (80/20),nikita,5,2,1
TCN->TCN,alle Personen (80/20),nikita,5,3,2
TCN->TCN,alle Personen (80/20),nikita,5,4,9
TCN->TCN,alle Personen (80/20),nikita,5,6,1
TCN->TCN,alle Personen (80/20),nikita,6,1,9
TCN->TCN,alle Personen (80/20),nikita,6,2,7
TCN->TCN,alle Personen (80/20),nikita,6,3,1
TCN->TCN,alle Personen (80/20),nikita,6,4,21
TCN->TCN,alle Personen (80/20),nikita,6,6,2
TCN->TCN,alle Personen (80/20),nikita,7,2,3
TCN->TCN,alle Personen (80/20),nikita,7,3,3
TCN->TCN,alle Personen (80/20),nikita,7,4,32
TCN->TCN,alle Personen (80/20),nikita,7,6,2
pos4,alle Personen (80/20),antoine,2,2,13
pos4,alle Personen (80/20),antoine,2,3,17
pos4,alle Personen (80/20),antoine,2,4,9
pos4,alle Personen (80/20),antoine,2,6,1
pos4,alle Personen (80/20),antoine,3,3,26
pos4,alle Personen (80/20),antoine,3,4,53
pos4,alle Personen (80/20),antoine,3,6,1
pos4,alle Personen (80/20),antoine,4,2,1
pos4,alle Personen (80/20),antoine,4,3,5
pos4,alle Personen (80/20),antoine,4,4,327
pos4,alle Personen (80/20),antoine,4,6,7
pos4,alle Personen (80/20),antoine,5,4,38
pos4,alle Personen (80/20),antoine,5,6,2
pos4,alle Personen (80/20),antoine,6,4,38
pos4,alle Personen (80/20),antoine,6,6,2
pos4,alle Personen (80/20),antoine,7,1,1
pos4,alle Personen (80/20),antoine,7,2,1
pos4,alle Personen (80/20),antoine,7,3,2
pos4,alle Personen (80/20),antoine,7,4,36
pos4,alle Personen (80/20),nikita,2,2,11
pos4,alle Personen (80/20),nikita,2,3,4
pos4,alle Personen (80/20),nikita,2,4,21
pos4,alle Personen (80/20),nikita,2,6,4
pos4,alle Personen (80/20),nikita,3,1,1
pos4,alle Personen (80/20),nikita,3,2,13
pos4,alle Personen (80/20),nikita,3,3,18
pos4,alle Personen (80/20),nikita,3,4,37
pos4,alle Personen (80/20),nikita,3,6,11
pos4,alle Personen (80/20),nikita,4,1,21
pos4,alle Personen (80/20),nikita,4,2,23
pos4,alle Personen (80/20),nikita,4,3,17
pos4,alle Personen (80/20),nikita,4,4,258
pos4,alle Personen (80/20),nikita,4,6,51
pos4,alle Personen (80/20),nikita,5,1,10
pos4,alle Personen (80/20),nikita,5,3,1
pos4,alle Personen (80/20),nikita,5,4,9
pos4,alle Personen (80/20),nikita,5,6,20
pos4,alle Personen (80/20),nikita,6,1,4
pos4,alle Personen (80/20),nikita,6,2,1
pos4,alle Personen (80/20),nikita,6,3,1
pos4,alle Personen (80/20),nikita,6,4,29
pos4,alle Personen (80/20),nikita,6,6,5
pos4,alle Personen (80/20),nikita,7,1,5
pos4,alle Personen (80/20),nikita,7,2,5
pos4,alle Personen (80/20),nikita,7,3,1
pos4,alle Personen (80/20),nikita,7,4,29
tips6pos,alle Personen (80/20),antoine,2,2,16
tips6pos,alle Personen (80/20),antoine,2,3,17
tips6pos,alle Personen (80/20),antoine,2,4,7
tips6pos,alle Personen (80/20),antoine,3,3,39
tips6pos,alle Personen (80/20),antoine,3,4,40
tips6pos,alle Personen (80/20),antoine,3,6,1
tips6pos,alle Personen (80/20),antoine,4,3,7
tips6pos,alle Personen (80/20),antoine,4,4,333
tips6pos,alle Personen (80/20),antoine,5,4,38
tips6pos,alle Personen (80/20),antoine,5,6,2
tips6pos,alle Personen (80/20),antoine,6,4,39
tips6pos,alle Personen (80/20),antoine,6,6,1
tips6pos,alle Personen (80/20),antoine,7,4,40
tips6pos,alle Personen (80/20),nikita,2,2,10
tips6pos,alle Personen (80/20),nikita,2,3,7
tips6pos,alle Personen (80/20),nikita,2,4,23
tips6pos,alle Personen (80/20),nikita,3,1,1
tips6pos,alle Personen (80/20),nikita,3,2,14
tips6pos,alle Personen (80/20),nikita,3,3,15
tips6pos,alle Personen (80/20),nikita,3,4,43
tips6pos,alle Personen (80/20),nikita,3,6,7
tips6pos,alle Personen (80/20),nikita,4,1,10
tips6pos,alle Personen (80/20),nikita,4,2,24
tips6pos,alle Personen (80/20),nikita,4,3,28
tips6pos,alle Personen (80/20),nikita,4,4,262
tips6pos,alle Personen (80/20),nikita,4,6,46
tips6pos,alle Personen (80/20),nikita,5,1,6
tips6pos,alle Personen (80/20),nikita,5,4,13
tips6pos,alle Personen (80/20),nikita,5,6,21
tips6pos,alle Personen (80/20),nikita,6,1,1
tips6pos,alle Personen (80/20),nikita,6,2,1
tips6pos,alle Personen (80/20),nikita,6,3,3
tips6pos,alle Personen (80/20),nikita,6,4,32
tips6pos,alle Personen (80/20),nikita,6,6,3
tips6pos,alle Personen (80/20),nikita,7,1,5
tips6pos,alle Personen (80/20),nikita,7,2,5
tips6pos,alle Personen (80/20),nikita,7,4,30
voll12,alle Personen (80/20),antoine,2,1,1
voll12,alle Personen (80/20),antoine,2,2,11
voll12,alle Personen (80/20),antoine,2,3,12
voll12,alle Personen (80/20),antoine,2,4,13
voll12,alle Personen (80/20),antoine,2,6,3
voll12,alle Personen (80/20),antoine,3,3,20
voll12,alle Personen (80/20),antoine,3,4,59
voll12,alle Personen (80/20),antoine,3,6,1
voll12,alle Personen (80/20),antoine,4,3,4
voll12,alle Personen (80/20),antoine,4,4,331
voll12,alle Personen (80/20),antoine,4,6,5
voll12,alle Personen (80/20),antoine,5,4,39
voll12,alle Personen (80/20),antoine,5,6,1
voll12,alle Personen (80/20),antoine,6,4,37
voll12,alle Personen (80/20),antoine,6,6,3
voll12,alle Personen (80/20),antoine,7,1,1
voll12,alle Personen (80/20),antoine,7,4,38
voll12,alle Personen (80/20),antoine,7,6,1
voll12,alle Personen (80/20),nikita,2,2,11
voll12,alle Personen (80/20),nikita,2,3,1
voll12,alle Personen (80/20),nikita,2,4,27
voll12,alle Personen (80/20),nikita,2,6,1
voll12,alle Personen (80/20),nikita,3,1,5
voll12,alle Personen (80/20),nikita,3,2,12
voll12,alle Personen (80/20),nikita,3,3,12
voll12,alle Personen (80/20),nikita,3,4,40
voll12,alle Personen (80/20),nikita,3,6,11
voll12,alle Personen (80/20),nikita,4,1,25
voll12,alle Personen (80/20),nikita,4,2,12
voll12,alle Personen (80/20),nikita,4,3,10
voll12,alle Personen (80/20),nikita,4,4,268
voll12,alle Personen (80/20),nikita,4,6,55
voll12,alle Personen (80/20),nikita,5,1,7
voll12,alle Personen (80/20),nikita,5,4,12
voll12,alle Personen (80/20),nikita,5,6,21
voll12,alle Personen (80/20),nikita,6,1,3
voll12,alle Personen (80/20),nikita,6,4,32
voll12,alle Personen (80/20),nikita,6,6,5
voll12,alle Personen (80/20),nikita,7,1,9
voll12,alle Personen (80/20),nikita,7,3,1
voll12,alle Personen (80/20),nikita,7,4,29
voll12,alle Personen (80/20),nikita,7,6,1
