spur,video,modell,fenster,w1,seed,takte_n,takte_richtig,fenster_n,fenster_richtig,je_taktart,auf_5er_7er,sek
_right_k002,sampo_antoine_ircam_12,voll12,50,,0,24,0.7500,272,0.7243,"{2: 0.5, 3: 0.25, 4: 1.0, 6: 0.0}","{3: 5, 1: 4, 4: 37, 6: 9, 2: 5}",4
_right_k002,sampo_antoine_ircam_13,voll12,50,,0,26,0.7308,293,0.6348,"{2: 0.0, 3: 0.25, 4: 1.0, 6: 0.0}","{3: 4, 6: 9, 4: 43}",4
_right_k002,sampo_nikita_ircam_10,voll12,50,,0,28,0.6429,312,0.6218,"{2: 0.0, 3: 0.0, 4: 0.85, 6: 0.5}","{2: 2, 4: 32, 6: 14, 3: 3, 1: 2}",4
_right_k002,sampo_nikita_ircam_11,voll12,50,,0,25,0.4800,282,0.4894,"{2: 0.5, 3: 0.25, 4: 0.588, 6: 0.0}","{6: 23, 4: 24, 2: 3, 1: 9, 3: 1}",4
_right_k002,sampo_antoine_ircam_12,pos4,50,,0,24,0.7083,272,0.7243,"{2: 0.5, 3: 0.0, 4: 1.0, 6: 0.0}","{3: 6, 1: 8, 4: 33, 6: 10, 2: 3}",3
_right_k002,sampo_antoine_ircam_13,pos4,50,,0,26,0.6154,293,0.5631,"{2: 0.0, 3: 0.25, 4: 0.778, 6: 0.5}","{3: 5, 6: 13, 4: 36, 1: 2}",3
_right_k002,sampo_nikita_ircam_10,pos4,50,,0,28,0.6071,312,0.5385,"{2: 0.0, 3: 0.0, 4: 0.8, 6: 0.5}","{1: 7, 4: 25, 6: 17, 2: 1, 3: 3}",3
_right_k002,sampo_nikita_ircam_11,pos4,50,,0,25,0.4400,282,0.4468,"{2: 0.5, 3: 0.5, 4: 0.471, 6: 0.0}","{6: 25, 4: 26, 1: 4, 2: 5}",3
_right_k002,sampo_antoine_ircam_12,tips6pos,50,,0,24,0.7500,272,0.7721,"{2: 0.5, 3: 0.25, 4: 1.0, 6: 0.0}","{3: 8, 1: 1, 4: 46, 6: 5}",4
_right_k002,sampo_antoine_ircam_13,tips6pos,50,,0,26,0.8077,293,0.7031,"{2: 0.5, 3: 0.5, 4: 1.0, 6: 0.0}","{4: 48, 6: 5, 3: 3}",4
_right_k002,sampo_nikita_ircam_10,tips6pos,50,,0,28,0.6786,312,0.5769,"{2: 0.0, 3: 0.0, 4: 0.9, 6: 0.5}","{4: 34, 1: 2, 3: 3, 6: 12, 2: 2}",4
_right_k002,sampo_nikita_ircam_11,tips6pos,50,,0,25,0.5600,282,0.4929,"{2: 0.5, 3: 0.25, 4: 0.706, 6: 0.0}","{6: 18, 4: 33, 3: 3, 2: 1, 1: 5}",4
_right_k002,sampo_antoine_ircam_12,GCN,50,,0,24,0.2083,272,0.1471,"{2: 1.0, 3: 0.75, 4: 0.0, 6: 0.0}","{3: 15, 2: 19, 6: 13, 4: 4, 1: 9}",31
_right_k002,sampo_antoine_ircam_13,GCN,50,,0,26,0.0769,293,0.1604,"{2: 0.0, 3: 0.25, 4: 0.056, 6: 0.0}","{3: 12, 2: 16, 1: 13, 6: 8, 4: 7}",31
_right_k002,sampo_nikita_ircam_10,GCN,50,,0,28,0.0357,312,0.1891,"{2: 0.0, 3: 0.25, 4: 0.0, 6: 0.0}","{1: 22, 2: 13, 3: 8, 4: 5, 6: 5}",31
_right_k002,sampo_nikita_ircam_11,GCN,50,,0,25,0.1200,282,0.1489,"{2: 0.5, 3: 0.25, 4: 0.059, 6: 0.0}","{1: 24, 3: 6, 6: 7, 2: 18, 4: 5}",31
_right_k002,sampo_antoine_ircam_12,TCN->TCN,75,50,0,24,0.7083,272,0.6765,"{2: 0.5, 3: 0.75, 4: 0.75, 6: 0.5}","{3: 8, 1: 1, 4: 14, 6: 36}",10
_right_k002,sampo_antoine_ircam_13,TCN->TCN,75,50,0,26,0.6923,287,0.6969,"{2: 0.5, 3: 0.25, 4: 0.833, 6: 0.5}","{4: 31, 6: 10, 2: 4, 3: 2}",10
_right_k002,sampo_nikita_ircam_10,TCN->TCN,75,50,0,28,0.3571,302,0.4007,"{2: 0.0, 3: 0.0, 4: 0.5, 6: 0.0}","{6: 6, 3: 4, 2: 17, 4: 13, 1: 8}",10
_right_k002,sampo_nikita_ircam_11,TCN->TCN,75,50,0,25,0.3600,282,0.3440,"{2: 0.0, 3: 0.0, 4: 0.471, 6: 0.5}","{1: 10, 4: 25, 2: 4, 6: 19}",10
_right_k002,sampo_antoine_ircam_12,GCN->TCN,75,50,0,24,0.2083,272,0.2537,"{2: 0.5, 3: 0.25, 4: 0.188, 6: 0.0}","{6: 10, 4: 22, 1: 5, 3: 13, 2: 9}",72
_right_k002,sampo_antoine_ircam_13,GCN->TCN,75,50,0,26,0.3846,287,0.3031,"{2: 0.5, 3: 0.5, 4: 0.333, 6: 0.5}","{4: 22, 1: 4, 2: 12, 3: 4, 6: 5}",72
_right_k002,sampo_nikita_ircam_10,GCN->TCN,75,50,0,28,0.2500,302,0.2616,"{2: 0.0, 3: 0.0, 4: 0.35, 6: 0.0}","{2: 32, 1: 8, 4: 7, 6: 1}",72
_right_k002,sampo_nikita_ircam_11,GCN->TCN,75,50,0,25,0.2400,282,0.2021,"{2: 0.0, 3: 0.5, 4: 0.235, 6: 0.0}","{6: 7, 2: 15, 3: 6, 4: 19, 1: 11}",72
_right_k002,sampo_antoine_ircam_12,voll12,50,,1,24,0.7083,272,0.7279,"{2: 0.5, 3: 0.0, 4: 1.0, 6: 0.0}","{3: 8, 4: 38, 6: 7, 1: 7}",3
_right_k002,sampo_antoine_ircam_13,voll12,50,,1,26,0.6538,293,0.6314,"{2: 0.0, 3: 0.25, 4: 0.889, 6: 0.0}","{4: 48, 6: 6, 3: 2}",3
_right_k002,sampo_nikita_ircam_10,voll12,50,,1,28,0.5714,312,0.5577,"{2: 0.0, 3: 0.0, 4: 0.8, 6: 0.0}","{1: 16, 4: 25, 6: 7, 2: 1, 3: 4}",3
_right_k002,sampo_nikita_ircam_11,voll12,50,,1,25,0.6000,282,0.5106,"{2: 0.5, 3: 0.25, 4: 0.765, 6: 0.0}","{6: 13, 4: 31, 1: 13, 2: 2, 3: 1}",3
_right_k002,sampo_antoine_ircam_12,pos4,50,,1,24,0.7083,272,0.7279,"{2: 0.5, 3: 0.0, 4: 1.0, 6: 0.0}","{1: 6, 4: 42, 6: 3, 3: 7, 2: 2}",3
_right_k002,sampo_antoine_ircam_13,pos4,50,,1,26,0.6538,293,0.6314,"{2: 0.0, 3: 0.0, 4: 0.944, 6: 0.0}","{4: 46, 6: 4, 3: 3, 1: 3}",3
_right_k002,sampo_nikita_ircam_10,pos4,50,,1,28,0.5357,312,0.5096,"{2: 0.0, 3: 0.0, 4: 0.75, 6: 0.0}","{1: 18, 4: 20, 6: 6, 3: 8, 2: 1}",3
_right_k002,sampo_nikita_ircam_11,pos4,50,,1,25,0.5600,282,0.4504,"{2: 0.5, 3: 0.75, 4: 0.588, 6: 0.0}","{6: 12, 1: 19, 4: 24, 3: 5}",3
_right_k002,sampo_antoine_ircam_12,tips6pos,50,,1,24,0.7917,272,0.7316,"{2: 0.5, 3: 0.5, 4: 1.0, 6: 0.0}","{3: 9, 4: 40, 6: 3, 1: 8}",4
_right_k002,sampo_antoine_ircam_13,tips6pos,50,,1,26,0.7308,293,0.6212,"{2: 0.0, 3: 0.5, 4: 0.944, 6: 0.0}","{3: 4, 4: 47, 6: 4, 1: 1}",4
_right_k002,sampo_nikita_ircam_10,tips6pos,50,,1,28,0.5357,312,0.4583,"{2: 0.0, 3: 0.0, 4: 0.75, 6: 0.0}","{2: 7, 1: 9, 4: 24, 6: 4, 3: 9}",4
_right_k002,sampo_nikita_ircam_11,tips6pos,50,,1,25,0.4800,282,0.4397,"{2: 0.5, 3: 0.25, 4: 0.588, 6: 0.0}","{6: 20, 1: 9, 4: 27, 3: 4}",4
_right_k002,sampo_antoine_ircam_12,GCN,50,,1,24,0.2500,272,0.2132,"{2: 0.5, 3: 0.75, 4: 0.062, 6: 0.5}","{6: 19, 2: 20, 3: 9, 4: 5, 1: 7}",31
_right_k002,sampo_antoine_ircam_13,GCN,50,,1,26,0.3462,293,0.2696,"{2: 0.5, 3: 0.5, 4: 0.333, 6: 0.0}","{2: 16, 6: 18, 3: 3, 4: 10, 1: 9}",31
_right_k002,sampo_nikita_ircam_10,GCN,50,,1,28,0.3571,312,0.3077,"{2: 0.0, 3: 0.25, 4: 0.4, 6: 0.5}","{2: 13, 3: 5, 4: 15, 1: 11, 6: 9}",31
_right_k002,sampo_nikita_ircam_11,GCN,50,,1,25,0.3200,282,0.2872,"{2: 0.5, 3: 0.5, 4: 0.235, 6: 0.5}","{1: 20, 6: 15, 4: 6, 2: 18, 3: 1}",31
_right_k002,sampo_antoine_ircam_12,TCN->TCN,75,50,1,24,0.7083,272,0.7353,"{2: 0.5, 3: 0.75, 4: 0.812, 6: 0.0}","{4: 30, 6: 22, 3: 7}",10
_right_k002,sampo_antoine_ircam_13,TCN->TCN,75,50,1,26,0.7308,287,0.7422,"{2: 0.0, 3: 0.5, 4: 0.944, 6: 0.0}","{4: 35, 6: 6, 2: 4, 3: 2}",10
_right_k002,sampo_nikita_ircam_10,TCN->TCN,75,50,1,28,0.6071,302,0.6457,"{2: 0.0, 3: 0.25, 4: 0.8, 6: 0.0}","{4: 10, 3: 24, 2: 4, 1: 9, 6: 1}",10
_right_k002,sampo_nikita_ircam_11,TCN->TCN,75,50,1,25,0.4400,282,0.4539,"{2: 0.0, 3: 0.5, 4: 0.529, 6: 0.0}","{1: 9, 4: 38, 2: 3, 3: 5, 6: 3}",10
_right_k002,sampo_antoine_ircam_12,GCN->TCN,75,50,1,24,0.2083,272,0.1434,"{2: 0.5, 3: 0.25, 4: 0.188, 6: 0.0}","{6: 5, 1: 38, 3: 2, 2: 3, 4: 11}",71
_right_k002,sampo_antoine_ircam_13,GCN->TCN,75,50,1,26,0.1154,287,0.1986,"{2: 0.5, 3: 0.5, 4: 0.0, 6: 0.0}","{1: 7, 4: 24, 6: 5, 2: 2, 3: 9}",71
_right_k002,sampo_nikita_ircam_10,GCN->TCN,75,50,1,28,0.2857,302,0.3377,"{2: 0.5, 3: 0.0, 4: 0.35, 6: 0.0}","{2: 1, 1: 31, 4: 11, 3: 5}",71
_right_k002,sampo_nikita_ircam_11,GCN->TCN,75,50,1,25,0.3200,282,0.3404,"{2: 0.5, 3: 0.25, 4: 0.353, 6: 0.0}","{6: 4, 4: 28, 1: 17, 2: 7, 3: 2}",71
_right_k002,sampo_antoine_ircam_12,voll12,50,,2,24,0.7917,272,0.7279,"{2: 0.5, 3: 0.5, 4: 1.0, 6: 0.0}","{3: 7, 4: 36, 6: 7, 1: 9, 2: 1}",4
_right_k002,sampo_antoine_ircam_13,voll12,50,,2,26,0.7308,293,0.6655,"{2: 0.0, 3: 0.25, 4: 1.0, 6: 0.0}","{6: 13, 4: 39, 3: 4}",4
_right_k002,sampo_nikita_ircam_10,voll12,50,,2,28,0.6429,312,0.5897,"{2: 0.0, 3: 0.0, 4: 0.9, 6: 0.0}","{2: 4, 4: 35, 6: 10, 3: 2, 1: 2}",4
_right_k002,sampo_nikita_ircam_11,voll12,50,,2,25,0.6400,282,0.5106,"{2: 0.5, 3: 0.25, 4: 0.824, 6: 0.0}","{6: 20, 4: 26, 2: 3, 3: 2, 1: 9}",4
_right_k002,sampo_antoine_ircam_12,pos4,50,,2,24,0.7500,272,0.7610,"{2: 0.5, 3: 0.25, 4: 1.0, 6: 0.0}","{3: 11, 4: 38, 6: 3, 1: 6, 2: 2}",3
_right_k002,sampo_antoine_ircam_13,pos4,50,,2,26,0.8077,293,0.7099,"{2: 0.0, 3: 0.75, 4: 1.0, 6: 0.0}","{3: 5, 6: 5, 4: 46}",3
_right_k002,sampo_nikita_ircam_10,pos4,50,,2,28,0.6429,312,0.5737,"{2: 0.0, 3: 0.25, 4: 0.85, 6: 0.0}","{2: 2, 4: 36, 1: 7, 3: 3, 6: 5}",3
_right_k002,sampo_nikita_ircam_11,pos4,50,,2,25,0.5200,282,0.5177,"{2: 0.5, 3: 0.25, 4: 0.647, 6: 0.0}","{6: 12, 4: 33, 1: 4, 3: 6, 2: 5}",3
_right_k002,sampo_antoine_ircam_12,tips6pos,50,,2,24,0.7500,272,0.7353,"{2: 0.5, 3: 0.25, 4: 1.0, 6: 0.0}","{1: 14, 4: 42, 6: 2, 3: 2}",4
_right_k002,sampo_antoine_ircam_13,tips6pos,50,,2,26,0.8077,293,0.7201,"{2: 0.5, 3: 0.5, 4: 1.0, 6: 0.0}","{4: 46, 6: 8, 3: 2}",4
_right_k002,sampo_nikita_ircam_10,tips6pos,50,,2,28,0.6071,312,0.5897,"{2: 0.0, 3: 0.0, 4: 0.85, 6: 0.0}","{2: 3, 1: 7, 6: 13, 4: 27, 3: 3}",4
_right_k002,sampo_nikita_ircam_11,tips6pos,50,,2,25,0.5200,282,0.5000,"{2: 0.5, 3: 0.25, 4: 0.647, 6: 0.0}","{6: 21, 4: 29, 2: 2, 1: 8}",4
_right_k002,sampo_antoine_ircam_12,GCN,50,,2,24,0.1250,272,0.1250,"{2: 0.0, 3: 0.75, 4: 0.0, 6: 0.0}","{3: 38, 6: 16, 2: 2, 1: 4}",31
_right_k002,sampo_antoine_ircam_13,GCN,50,,2,26,0.1923,293,0.1229,"{2: 0.0, 3: 1.0, 4: 0.0, 6: 0.5}","{3: 24, 6: 18, 1: 6, 2: 7, 4: 1}",31
_right_k002,sampo_nikita_ircam_10,GCN,50,,2,28,0.1429,312,0.1955,"{2: 1.0, 3: 0.25, 4: 0.05, 6: 0.0}","{2: 10, 3: 18, 1: 13, 4: 6, 6: 6}",32
_right_k002,sampo_nikita_ircam_11,GCN,50,,2,25,0.1200,282,0.1560,"{2: 0.0, 3: 0.5, 4: 0.059, 6: 0.0}","{1: 22, 2: 8, 3: 19, 6: 11}",32
_right_k002,sampo_antoine_ircam_12,TCN->TCN,75,50,2,24,0.6250,272,0.6838,"{2: 0.0, 3: 0.5, 4: 0.812, 6: 0.0}","{4: 36, 6: 17, 3: 6}",10
_right_k002,sampo_antoine_ircam_13,TCN->TCN,75,50,2,26,0.7692,287,0.7666,"{2: 0.5, 3: 0.25, 4: 1.0, 6: 0.0}","{4: 34, 6: 7, 2: 3, 3: 3}",10
_right_k002,sampo_nikita_ircam_10,TCN->TCN,75,50,2,28,0.5357,302,0.5993,"{2: 0.0, 3: 0.0, 4: 0.75, 6: 0.0}","{1: 11, 4: 9, 2: 25, 3: 3}",10
_right_k002,sampo_nikita_ircam_11,TCN->TCN,75,50,2,25,0.4400,282,0.3901,"{2: 0.0, 3: 0.25, 4: 0.588, 6: 0.0}","{1: 10, 4: 37, 2: 6, 3: 5}",10
_right_k002,sampo_antoine_ircam_12,GCN->TCN,75,50,2,24,0.1667,272,0.1728,"{2: 0.5, 3: 0.25, 4: 0.125, 6: 0.0}","{6: 15, 1: 13, 4: 18, 2: 13}",72
_right_k002,sampo_antoine_ircam_13,GCN->TCN,75,50,2,26,0.2308,287,0.2265,"{2: 0.0, 3: 0.25, 4: 0.222, 6: 0.5}","{6: 12, 1: 15, 2: 7, 4: 9, 3: 4}",72
_right_k002,sampo_nikita_ircam_10,GCN->TCN,75,50,2,28,0.3571,302,0.3311,"{2: 0.0, 3: 0.0, 4: 0.5, 6: 0.0}","{1: 22, 2: 11, 3: 1, 4: 6, 6: 8}",72
_right_k002,sampo_nikita_ircam_11,GCN->TCN,75,50,2,25,0.3200,282,0.2057,"{2: 1.0, 3: 0.75, 4: 0.176, 6: 0.0}","{1: 25, 3: 11, 4: 7, 2: 11, 6: 4}",72
_right_k002,sampo_antoine_ircam_12,voll12,50,,3,24,0.7917,272,0.6985,"{2: 0.5, 3: 0.5, 4: 1.0, 6: 0.0}","{3: 6, 1: 11, 4: 32, 6: 11}",3
_right_k002,sampo_antoine_ircam_13,voll12,50,,3,26,0.6923,293,0.6246,"{2: 0.0, 3: 0.25, 4: 0.889, 6: 0.5}","{6: 13, 4: 38, 3: 4, 1: 1}",3
_right_k002,sampo_nikita_ircam_10,voll12,50,,3,28,0.5357,312,0.4904,"{2: 0.0, 3: 0.0, 4: 0.7, 6: 0.5}","{1: 14, 4: 28, 6: 8, 3: 3}",3
_right_k002,sampo_nikita_ircam_11,voll12,50,,3,25,0.4800,282,0.4397,"{2: 0.5, 3: 0.25, 4: 0.588, 6: 0.0}","{6: 20, 1: 15, 4: 24, 3: 1}",3
_right_k002,sampo_antoine_ircam_12,pos4,50,,3,24,0.7083,272,0.7426,"{2: 0.5, 3: 0.0, 4: 1.0, 6: 0.0}","{4: 41, 6: 5, 1: 4, 3: 5, 2: 5}",3
_right_k002,sampo_antoine_ircam_13,pos4,50,,3,26,0.7308,293,0.6758,"{2: 0.5, 3: 0.25, 4: 0.944, 6: 0.0}","{4: 46, 6: 4, 3: 4, 2: 1, 1: 1}",3
_right_k002,sampo_nikita_ircam_10,pos4,50,,3,28,0.6429,312,0.5833,"{2: 0.0, 3: 0.0, 4: 0.9, 6: 0.0}","{2: 6, 1: 10, 4: 29, 6: 7, 3: 1}",3
_right_k002,sampo_nikita_ircam_11,pos4,50,,3,25,0.5600,282,0.5142,"{2: 0.5, 3: 0.5, 4: 0.647, 6: 0.0}","{6: 13, 1: 6, 2: 7, 4: 30, 3: 4}",3
_right_k002,sampo_antoine_ircam_12,tips6pos,50,,3,24,0.7917,272,0.7353,"{2: 0.5, 3: 0.5, 4: 1.0, 6: 0.0}","{4: 35, 6: 5, 1: 10, 3: 10}",4
_right_k002,sampo_antoine_ircam_13,tips6pos,50,,3,26,0.8077,293,0.6655,"{2: 0.5, 3: 0.5, 4: 1.0, 6: 0.0}","{3: 5, 6: 9, 4: 40, 1: 2}",4
_right_k002,sampo_nikita_ircam_10,tips6pos,50,,3,28,0.4286,312,0.4712,"{2: 0.0, 3: 0.0, 4: 0.6, 6: 0.0}","{2: 3, 4: 31, 1: 7, 3: 10, 6: 2}",4
_right_k002,sampo_nikita_ircam_11,tips6pos,50,,3,25,0.5200,282,0.4752,"{2: 0.5, 3: 0.5, 4: 0.588, 6: 0.0}","{6: 14, 1: 11, 4: 30, 3: 5}",4
_right_k002,sampo_antoine_ircam_12,GCN,50,,3,24,0.0833,272,0.0882,"{2: 1.0, 3: 0.0, 4: 0.0, 6: 0.0}","{3: 3, 1: 27, 6: 11, 2: 18, 4: 1}",31
_right_k002,sampo_antoine_ircam_13,GCN,50,,3,26,0.0769,293,0.0922,"{2: 0.0, 3: 0.25, 4: 0.0, 6: 0.5}","{1: 28, 2: 14, 3: 3, 6: 10, 4: 1}",31
_right_k002,sampo_nikita_ircam_10,GCN,50,,3,28,0.1786,312,0.1923,"{2: 0.0, 3: 0.25, 4: 0.2, 6: 0.0}","{4: 10, 1: 29, 2: 6, 6: 3, 3: 5}",31
_right_k002,sampo_nikita_ircam_11,GCN,50,,3,25,0.2800,282,0.2092,"{2: 0.5, 3: 0.5, 4: 0.235, 6: 0.0}","{1: 27, 4: 5, 2: 17, 3: 2, 6: 9}",31
_right_k002,sampo_antoine_ircam_12,TCN->TCN,75,50,3,24,0.5833,272,0.6250,"{2: 0.0, 3: 0.25, 4: 0.812, 6: 0.0}","{4: 37, 6: 15, 3: 6, 2: 1}",10
_right_k002,sampo_antoine_ircam_13,TCN->TCN,75,50,3,26,0.8077,287,0.7840,"{2: 0.5, 3: 0.25, 4: 1.0, 6: 0.5}","{4: 37, 2: 7, 6: 3}",10
_right_k002,sampo_nikita_ircam_10,TCN->TCN,75,50,3,28,0.6429,302,0.5795,"{2: 0.0, 3: 0.25, 4: 0.85, 6: 0.0}","{4: 20, 3: 7, 2: 7, 1: 12, 6: 2}",10
_right_k002,sampo_nikita_ircam_11,TCN->TCN,75,50,3,25,0.4000,282,0.4043,"{2: 0.0, 3: 0.5, 4: 0.471, 6: 0.0}","{1: 3, 4: 52, 3: 3}",10
_right_k002,sampo_antoine_ircam_12,GCN->TCN,75,50,3,24,0.4583,272,0.2978,"{2: 0.5, 3: 0.75, 4: 0.438, 6: 0.0}","{6: 6, 1: 14, 4: 18, 3: 11, 2: 10}",72
_right_k002,sampo_antoine_ircam_13,GCN->TCN,75,50,3,26,0.2692,287,0.2439,"{2: 0.0, 3: 0.5, 4: 0.278, 6: 0.0}","{4: 28, 1: 1, 2: 10, 6: 2, 3: 6}",72
_right_k002,sampo_nikita_ircam_10,GCN->TCN,75,50,3,28,0.3929,302,0.3841,"{2: 0.0, 3: 0.25, 4: 0.5, 6: 0.0}","{4: 9, 6: 4, 1: 12, 3: 12, 2: 11}",72
_right_k002,sampo_nikita_ircam_11,GCN->TCN,75,50,3,25,0.3200,282,0.3227,"{2: 0.0, 3: 0.25, 4: 0.412, 6: 0.0}","{4: 13, 1: 26, 2: 9, 3: 10}",72
_right_k002,sampo_antoine_ircam_12,voll12,50,,4,24,0.8750,272,0.7390,"{2: 1.0, 3: 0.5, 4: 1.0, 6: 0.5}","{3: 8, 4: 27, 6: 9, 1: 13, 2: 3}",3
_right_k002,sampo_antoine_ircam_13,voll12,50,,4,26,0.6538,293,0.5939,"{2: 0.0, 3: 0.25, 4: 0.889, 6: 0.0}","{6: 14, 4: 37, 3: 4, 1: 1}",3
_right_k002,sampo_nikita_ircam_10,voll12,50,,4,28,0.4643,312,0.4423,"{2: 0.0, 3: 0.0, 4: 0.65, 6: 0.0}","{2: 5, 1: 15, 4: 17, 6: 11, 3: 5}",3
_right_k002,sampo_nikita_ircam_11,voll12,50,,4,25,0.4400,282,0.4043,"{2: 0.5, 3: 0.25, 4: 0.529, 6: 0.0}","{6: 15, 1: 15, 4: 23, 3: 6, 2: 1}",3
_right_k002,sampo_antoine_ircam_12,pos4,50,,4,24,0.7500,272,0.7463,"{2: 0.5, 3: 0.25, 4: 1.0, 6: 0.0}","{3: 13, 1: 5, 4: 36, 6: 3, 2: 3}",3
_right_k002,sampo_antoine_ircam_13,pos4,50,,4,26,0.7308,293,0.6621,"{2: 0.0, 3: 0.5, 4: 0.944, 6: 0.0}","{3: 5, 6: 7, 4: 44}",3
_right_k002,sampo_nikita_ircam_10,pos4,50,,4,28,0.6786,312,0.6090,"{2: 0.0, 3: 0.0, 4: 0.9, 6: 0.5}","{2: 3, 4: 29, 1: 6, 3: 6, 6: 9}",3
_right_k002,sampo_nikita_ircam_11,pos4,50,,4,25,0.4800,282,0.4610,"{2: 0.5, 3: 0.25, 4: 0.588, 6: 0.0}","{6: 15, 1: 7, 3: 11, 4: 21, 2: 6}",3
_right_k002,sampo_antoine_ircam_12,tips6pos,50,,4,24,0.7917,272,0.7426,"{2: 1.0, 3: 0.25, 4: 1.0, 6: 0.0}","{3: 10, 4: 34, 6: 5, 1: 10, 2: 1}",4
_right_k002,sampo_antoine_ircam_13,tips6pos,50,,4,26,0.6538,293,0.6246,"{2: 0.5, 3: 0.5, 4: 0.778, 6: 0.0}","{3: 5, 6: 12, 4: 36, 1: 3}",4
_right_k002,sampo_nikita_ircam_10,tips6pos,50,,4,28,0.5357,312,0.4167,"{2: 0.5, 3: 0.25, 4: 0.65, 6: 0.0}","{2: 14, 1: 9, 4: 13, 6: 9, 3: 8}",4
_right_k002,sampo_nikita_ircam_11,tips6pos,50,,4,25,0.4400,282,0.3972,"{2: 0.5, 3: 0.25, 4: 0.529, 6: 0.0}","{6: 16, 1: 9, 2: 7, 4: 17, 3: 11}",4
_right_k002,sampo_antoine_ircam_12,GCN,50,,4,24,0.1667,272,0.1250,"{2: 0.5, 3: 0.75, 4: 0.0, 6: 0.0}","{6: 19, 2: 20, 3: 11, 1: 9, 4: 1}",32
_right_k002,sampo_antoine_ircam_13,GCN,50,,4,26,0.0769,293,0.0819,"{2: 0.5, 3: 0.25, 4: 0.0, 6: 0.0}","{2: 25, 6: 11, 3: 12, 1: 5, 4: 3}",32
_right_k002,sampo_nikita_ircam_10,GCN,50,,4,28,0.1071,312,0.1763,"{2: 1.0, 3: 0.0, 4: 0.05, 6: 0.0}","{2: 19, 1: 23, 6: 2, 4: 5, 3: 4}",32
_right_k002,sampo_nikita_ircam_11,GCN,50,,4,25,0.1200,282,0.1135,"{2: 0.5, 3: 0.25, 4: 0.059, 6: 0.0}","{1: 18, 2: 24, 4: 3, 3: 4, 6: 11}",32
_right_k002,sampo_antoine_ircam_12,TCN->TCN,75,50,4,24,0.4583,272,0.5037,"{2: 0.5, 3: 0.75, 4: 0.438, 6: 0.0}","{1: 6, 4: 28, 6: 18, 3: 7}",10
_right_k002,sampo_antoine_ircam_13,TCN->TCN,75,50,4,26,0.6538,287,0.5610,"{2: 0.5, 3: 0.5, 4: 0.778, 6: 0.0}","{4: 24, 6: 11, 2: 5, 3: 5, 1: 2}",10
_right_k002,sampo_nikita_ircam_10,TCN->TCN,75,50,4,28,0.4643,302,0.4139,"{2: 0.0, 3: 0.25, 4: 0.6, 6: 0.0}","{4: 11, 3: 13, 2: 10, 1: 12, 6: 2}",10
_right_k002,sampo_nikita_ircam_11,TCN->TCN,75,50,4,25,0.2800,282,0.2660,"{2: 0.5, 3: 0.5, 4: 0.235, 6: 0.0}","{1: 7, 4: 33, 2: 2, 3: 12, 6: 4}",10
_right_k002,sampo_antoine_ircam_12,GCN->TCN,75,50,4,24,0.0833,272,0.1140,"{2: 0.5, 3: 0.25, 4: 0.0, 6: 0.0}","{1: 24, 3: 17, 4: 5, 2: 13}",71
_right_k002,sampo_antoine_ircam_13,GCN->TCN,75,50,4,26,0.0385,287,0.0732,"{2: 0.0, 3: 0.25, 4: 0.0, 6: 0.0}","{6: 8, 4: 15, 1: 17, 3: 1, 2: 6}",71
_right_k002,sampo_nikita_ircam_10,GCN->TCN,75,50,4,28,0.1786,302,0.2119,"{2: 0.0, 3: 0.25, 4: 0.2, 6: 0.0}","{1: 20, 2: 17, 3: 2, 4: 8, 6: 1}",71
_right_k002,sampo_nikita_ircam_11,GCN->TCN,75,50,4,25,0.1600,282,0.1525,"{2: 0.0, 3: 0.5, 4: 0.118, 6: 0.0}","{1: 30, 2: 14, 4: 3, 3: 7, 6: 4}",71
_right_k002,sampo_antoine_ircam_12,voll12,50,,5,24,0.7500,272,0.7022,"{2: 0.5, 3: 0.25, 4: 1.0, 6: 0.0}","{3: 10, 4: 32, 6: 9, 1: 9}",3
_right_k002,sampo_antoine_ircam_13,voll12,50,,5,26,0.6923,293,0.6314,"{2: 0.0, 3: 0.25, 4: 0.944, 6: 0.0}","{6: 11, 4: 38, 3: 4, 1: 3}",3
_right_k002,sampo_nikita_ircam_10,voll12,50,,5,28,0.5000,312,0.4904,"{2: 0.0, 3: 0.0, 4: 0.7, 6: 0.0}","{1: 13, 4: 26, 2: 4, 6: 8, 3: 2}",3
_right_k002,sampo_nikita_ircam_11,voll12,50,,5,25,0.6400,282,0.4681,"{2: 0.5, 3: 0.5, 4: 0.765, 6: 0.0}","{6: 17, 1: 13, 4: 29, 2: 1}",3
_right_k002,sampo_antoine_ircam_12,pos4,50,,5,24,0.8333,272,0.7463,"{2: 1.0, 3: 0.5, 4: 1.0, 6: 0.0}","{3: 2, 1: 4, 4: 45, 2: 9}",3
_right_k002,sampo_antoine_ircam_13,pos4,50,,5,26,0.7692,293,0.7372,"{2: 0.5, 3: 0.5, 4: 0.944, 6: 0.0}","{3: 5, 4: 47, 6: 3, 1: 1}",3
_right_k002,sampo_nikita_ircam_10,pos4,50,,5,28,0.7143,312,0.6218,"{2: 0.0, 3: 0.0, 4: 1.0, 6: 0.0}","{2: 11, 4: 33, 1: 4, 3: 2, 6: 3}",3
_right_k002,sampo_nikita_ircam_11,pos4,50,,5,25,0.6000,282,0.5532,"{2: 0.5, 3: 0.25, 4: 0.765, 6: 0.0}","{6: 6, 4: 32, 2: 14, 3: 3, 1: 5}",3
_right_k002,sampo_antoine_ircam_12,tips6pos,50,,5,24,0.7500,272,0.7757,"{2: 0.5, 3: 0.25, 4: 1.0, 6: 0.0}","{3: 5, 4: 43, 6: 9, 1: 3}",4
_right_k002,sampo_antoine_ircam_13,tips6pos,50,,5,26,0.7308,293,0.7031,"{2: 0.5, 3: 0.25, 4: 0.944, 6: 0.0}","{4: 38, 6: 12, 3: 4, 1: 2}",4
_right_k002,sampo_nikita_ircam_10,tips6pos,50,,5,28,0.6429,312,0.5833,"{2: 0.0, 3: 0.0, 4: 0.85, 6: 0.5}","{2: 4, 6: 13, 4: 31, 3: 3, 1: 2}",4
_right_k002,sampo_nikita_ircam_11,tips6pos,50,,5,25,0.5200,282,0.5106,"{2: 0.5, 3: 0.0, 4: 0.706, 6: 0.0}","{6: 22, 4: 28, 3: 4, 1: 4, 2: 2}",4
_right_k002,sampo_antoine_ircam_12,GCN,50,,5,24,0.0417,272,0.1213,"{2: 0.5, 3: 0.0, 4: 0.0, 6: 0.0}","{6: 20, 2: 16, 4: 6, 1: 11, 3: 7}",31
_right_k002,sampo_antoine_ircam_13,GCN,50,,5,26,0.1538,293,0.1877,"{2: 0.5, 3: 0.0, 4: 0.111, 6: 0.5}","{2: 19, 6: 14, 1: 16, 4: 7}",31
_right_k002,sampo_nikita_ircam_10,GCN,50,,5,28,0.1786,312,0.2276,"{2: 0.5, 3: 0.0, 4: 0.2, 6: 0.0}","{1: 32, 2: 8, 4: 10, 6: 3}",31
_right_k002,sampo_nikita_ircam_11,GCN,50,,5,25,0.2000,282,0.1809,"{2: 0.5, 3: 0.25, 4: 0.176, 6: 0.0}","{1: 25, 4: 5, 2: 18, 6: 10, 3: 2}",31
_right_k002,sampo_antoine_ircam_12,TCN->TCN,75,50,5,24,0.6667,272,0.6654,"{2: 0.5, 3: 0.25, 4: 0.875, 6: 0.0}","{1: 3, 4: 28, 6: 23, 3: 5}",10
_right_k002,sampo_antoine_ircam_13,TCN->TCN,75,50,5,26,0.7692,287,0.7456,"{2: 0.5, 3: 0.5, 4: 0.944, 6: 0.0}","{4: 30, 6: 9, 2: 8}",10
_right_k002,sampo_nikita_ircam_10,TCN->TCN,75,50,5,28,0.4643,302,0.5199,"{2: 0.0, 3: 0.0, 4: 0.65, 6: 0.0}","{4: 23, 2: 10, 1: 13, 3: 2}",10
_right_k002,sampo_nikita_ircam_11,TCN->TCN,75,50,5,25,0.4400,282,0.3369,"{2: 0.5, 3: 0.0, 4: 0.588, 6: 0.0}","{1: 7, 4: 41, 2: 5, 3: 2, 6: 3}",10
_right_k002,sampo_antoine_ircam_12,GCN->TCN,75,50,5,24,0.3333,272,0.3529,"{2: 0.5, 3: 0.25, 4: 0.375, 6: 0.0}","{6: 21, 4: 15, 1: 18, 3: 5}",70
_right_k002,sampo_antoine_ircam_13,GCN->TCN,75,50,5,26,0.4231,287,0.4634,"{2: 0.5, 3: 0.75, 4: 0.389, 6: 0.0}","{4: 22, 6: 6, 1: 15, 2: 4}",70
_right_k002,sampo_nikita_ircam_10,GCN->TCN,75,50,5,28,0.3214,302,0.3609,"{2: 0.5, 3: 0.0, 4: 0.4, 6: 0.0}","{1: 16, 4: 11, 2: 15, 6: 2, 3: 4}",70
_right_k002,sampo_nikita_ircam_11,GCN->TCN,75,50,5,25,0.2400,282,0.1879,"{2: 1.0, 3: 0.5, 4: 0.118, 6: 0.0}","{1: 20, 3: 1, 4: 33, 2: 4}",70
_right_k002,sampo_antoine_ircam_12,voll12,50,,6,24,0.7500,272,0.7426,"{2: 0.5, 3: 0.25, 4: 1.0, 6: 0.0}","{3: 11, 4: 35, 6: 6, 1: 4, 2: 4}",3
_right_k002,sampo_antoine_ircam_13,voll12,50,,6,26,0.6923,293,0.6621,"{2: 0.0, 3: 0.25, 4: 0.944, 6: 0.0}","{3: 5, 6: 8, 4: 43}",3
_right_k002,sampo_nikita_ircam_10,voll12,50,,6,28,0.6429,312,0.5705,"{2: 0.0, 3: 0.0, 4: 0.9, 6: 0.0}","{2: 4, 4: 32, 1: 5, 3: 6, 6: 6}",3
_right_k002,sampo_nikita_ircam_11,voll12,50,,6,25,0.5600,282,0.4894,"{2: 0.5, 3: 0.25, 4: 0.706, 6: 0.0}","{6: 16, 1: 5, 4: 33, 3: 1, 2: 5}",3
_right_k002,sampo_antoine_ircam_12,pos4,50,,6,24,0.7500,272,0.7463,"{2: 0.5, 3: 0.25, 4: 1.0, 6: 0.0}","{1: 9, 4: 39, 6: 6, 3: 2, 2: 4}",3
_right_k002,sampo_antoine_ircam_13,pos4,50,,6,26,0.6538,293,0.6212,"{2: 0.0, 3: 0.5, 4: 0.833, 6: 0.0}","{3: 5, 6: 8, 4: 43}",3
_right_k002,sampo_nikita_ircam_10,pos4,50,,6,28,0.5714,312,0.5288,"{2: 0.0, 3: 0.0, 4: 0.75, 6: 0.5}","{2: 6, 1: 9, 4: 23, 6: 11, 3: 4}",3
_right_k002,sampo_nikita_ircam_11,pos4,50,,6,25,0.4400,282,0.4184,"{2: 0.5, 3: 0.5, 4: 0.471, 6: 0.0}","{6: 21, 2: 7, 4: 23, 3: 6, 1: 3}",3
_right_k002,sampo_antoine_ircam_12,tips6pos,50,,6,24,0.8333,272,0.7721,"{2: 1.0, 3: 0.5, 4: 1.0, 6: 0.0}","{3: 14, 1: 10, 4: 28, 6: 5, 2: 3}",4
_right_k002,sampo_antoine_ircam_13,tips6pos,50,,6,26,0.8077,293,0.7338,"{2: 0.5, 3: 0.5, 4: 1.0, 6: 0.0}","{3: 6, 6: 7, 4: 43}",4
_right_k002,sampo_nikita_ircam_10,tips6pos,50,,6,28,0.5357,312,0.4808,"{2: 0.0, 3: 0.25, 4: 0.7, 6: 0.0}","{2: 11, 4: 22, 6: 11, 3: 7, 1: 2}",4
_right_k002,sampo_nikita_ircam_11,tips6pos,50,,6,25,0.4800,282,0.4645,"{2: 0.5, 3: 0.5, 4: 0.529, 6: 0.0}","{6: 10, 4: 35, 1: 7, 3: 5, 2: 3}",4
_right_k002,sampo_antoine_ircam_12,GCN,50,,6,24,0.2083,272,0.1581,"{2: 0.0, 3: 1.0, 4: 0.0, 6: 0.5}","{3: 35, 6: 16, 4: 3, 1: 1, 2: 5}",31
_right_k002,sampo_antoine_ircam_13,GCN,50,,6,26,0.2692,293,0.1980,"{2: 0.0, 3: 1.0, 4: 0.111, 6: 0.5}","{3: 22, 6: 16, 4: 12, 2: 6}",31
_right_k002,sampo_nikita_ircam_10,GCN,50,,6,28,0.5000,312,0.4167,"{2: 0.5, 3: 0.25, 4: 0.6, 6: 0.0}","{2: 7, 3: 8, 4: 30, 6: 5, 1: 3}",31
_right_k002,sampo_nikita_ircam_11,GCN,50,,6,25,0.4000,282,0.3582,"{2: 0.0, 3: 0.75, 4: 0.412, 6: 0.0}","{1: 8, 4: 17, 6: 7, 3: 16, 2: 12}",31
_right_k002,sampo_antoine_ircam_12,TCN->TCN,75,50,6,24,0.6250,272,0.6654,"{2: 0.0, 3: 0.5, 4: 0.812, 6: 0.0}","{4: 34, 6: 17, 3: 8}",10
_right_k002,sampo_antoine_ircam_13,TCN->TCN,75,50,6,26,0.6923,287,0.7108,"{2: 0.5, 3: 0.25, 4: 0.889, 6: 0.0}","{4: 31, 6: 11, 2: 5}",10
_right_k002,sampo_nikita_ircam_10,TCN->TCN,75,50,6,28,0.5357,302,0.5861,"{2: 0.0, 3: 0.25, 4: 0.7, 6: 0.0}","{4: 25, 3: 6, 1: 13, 6: 4}",10
_right_k002,sampo_nikita_ircam_11,TCN->TCN,75,50,6,25,0.3600,282,0.3617,"{2: 0.5, 3: 0.0, 4: 0.471, 6: 0.0}","{1: 13, 6: 10, 2: 4, 3: 4, 4: 27}",10
_right_k002,sampo_antoine_ircam_12,GCN->TCN,75,50,6,24,0.1667,272,0.1397,"{2: 1.0, 3: 0.25, 4: 0.062, 6: 0.0}","{6: 26, 4: 18, 1: 9, 2: 6}",73
_right_k002,sampo_antoine_ircam_13,GCN->TCN,75,50,6,26,0.1154,287,0.1115,"{2: 0.5, 3: 0.25, 4: 0.0, 6: 0.5}","{4: 19, 6: 4, 2: 12, 1: 10, 3: 2}",73
_right_k002,sampo_nikita_ircam_10,GCN->TCN,75,50,6,28,0.3929,302,0.3874,"{2: 0.5, 3: 0.25, 4: 0.45, 6: 0.0}","{1: 12, 4: 13, 2: 12, 6: 11}",73
_right_k002,sampo_nikita_ircam_11,GCN->TCN,75,50,6,25,0.2000,282,0.1383,"{2: 0.0, 3: 0.25, 4: 0.235, 6: 0.0}","{1: 33, 4: 5, 3: 2, 2: 8, 6: 10}",73
_right_k002,sampo_antoine_ircam_12,voll12,50,,7,24,0.7083,272,0.6801,"{2: 0.5, 3: 0.0, 4: 1.0, 6: 0.0}","{3: 6, 1: 13, 4: 27, 6: 12, 2: 2}",3
_right_k002,sampo_antoine_ircam_13,voll12,50,,7,26,0.6538,293,0.5836,"{2: 0.0, 3: 0.25, 4: 0.833, 6: 0.5}","{6: 20, 4: 33, 3: 3}",3
_right_k002,sampo_nikita_ircam_10,voll12,50,,7,28,0.5714,312,0.5064,"{2: 0.0, 3: 0.0, 4: 0.75, 6: 0.5}","{2: 3, 1: 13, 4: 17, 6: 14, 3: 6}",3
_right_k002,sampo_nikita_ircam_11,voll12,50,,7,25,0.4000,282,0.3901,"{2: 0.5, 3: 0.5, 4: 0.412, 6: 0.0}","{6: 21, 1: 12, 4: 26, 2: 1}",3
_right_k002,sampo_antoine_ircam_12,pos4,50,,7,24,0.7083,272,0.6985,"{2: 0.5, 3: 0.0, 4: 1.0, 6: 0.0}","{1: 13, 4: 36, 6: 9, 3: 2}",3
_right_k002,sampo_antoine_ircam_13,pos4,50,,7,26,0.7308,293,0.6519,"{2: 0.0, 3: 0.25, 4: 1.0, 6: 0.0}","{6: 8, 4: 42, 3: 4, 1: 2}",3
_right_k002,sampo_nikita_ircam_10,pos4,50,,7,28,0.5000,312,0.4808,"{2: 0.0, 3: 0.0, 4: 0.7, 6: 0.0}","{1: 15, 4: 26, 6: 8, 3: 4}",3
_right_k002,sampo_nikita_ircam_11,pos4,50,,7,25,0.4400,282,0.4752,"{2: 0.5, 3: 0.25, 4: 0.529, 6: 0.0}","{6: 16, 1: 17, 4: 26, 3: 1}",3
_right_k002,sampo_antoine_ircam_12,tips6pos,50,,7,24,0.7917,272,0.7647,"{2: 0.5, 3: 0.5, 4: 1.0, 6: 0.0}","{3: 16, 1: 11, 4: 26, 6: 7}",4
_right_k002,sampo_antoine_ircam_13,tips6pos,50,,7,26,0.8462,293,0.6724,"{2: 0.5, 3: 0.5, 4: 1.0, 6: 0.5}","{3: 5, 6: 10, 4: 39, 1: 2}",4
_right_k002,sampo_nikita_ircam_10,tips6pos,50,,7,28,0.5714,312,0.4455,"{2: 0.0, 3: 0.25, 4: 0.75, 6: 0.0}","{1: 12, 2: 3, 4: 20, 6: 7, 3: 11}",4
_right_k002,sampo_nikita_ircam_11,tips6pos,50,,7,25,0.3600,282,0.3972,"{2: 0.5, 3: 0.25, 4: 0.412, 6: 0.0}","{6: 16, 1: 12, 3: 10, 4: 21, 2: 1}",4
_right_k002,sampo_antoine_ircam_12,GCN,50,,7,24,0.1667,272,0.1581,"{2: 0.5, 3: 0.75, 4: 0.0, 6: 0.0}","{3: 18, 2: 16, 6: 17, 1: 5, 4: 4}",31
_right_k002,sampo_antoine_ircam_13,GCN,50,,7,26,0.2308,293,0.1741,"{2: 0.5, 3: 0.75, 4: 0.056, 6: 0.5}","{2: 13, 3: 6, 6: 16, 1: 14, 4: 7}",31
_right_k002,sampo_nikita_ircam_10,GCN,50,,7,28,0.1429,312,0.2179,"{2: 0.0, 3: 0.25, 4: 0.15, 6: 0.0}","{1: 33, 2: 6, 3: 7, 4: 4, 6: 3}",31
_right_k002,sampo_nikita_ircam_11,GCN,50,,7,25,0.2400,282,0.2092,"{2: 0.5, 3: 0.75, 4: 0.118, 6: 0.0}","{1: 24, 4: 3, 2: 17, 3: 7, 6: 9}",31
_right_k002,sampo_antoine_ircam_12,TCN->TCN,75,50,7,24,0.7083,272,0.7463,"{2: 0.5, 3: 0.5, 4: 0.875, 6: 0.0}","{4: 31, 6: 22, 3: 6}",10
_right_k002,sampo_antoine_ircam_13,TCN->TCN,75,50,7,26,0.7308,287,0.7038,"{2: 0.5, 3: 0.5, 4: 0.889, 6: 0.0}","{4: 37, 6: 6, 3: 3, 2: 1}",10
_right_k002,sampo_nikita_ircam_10,TCN->TCN,75,50,7,28,0.5714,302,0.6225,"{2: 0.0, 3: 0.0, 4: 0.8, 6: 0.0}","{4: 10, 3: 10, 1: 13, 2: 11, 6: 4}",10
_right_k002,sampo_nikita_ircam_11,TCN->TCN,75,50,7,25,0.4400,282,0.3723,"{2: 0.5, 3: 0.25, 4: 0.529, 6: 0.0}","{1: 14, 2: 2, 3: 5, 4: 36, 6: 1}",10
_right_k002,sampo_antoine_ircam_12,GCN->TCN,75,50,7,24,0.1667,272,0.2132,"{2: 0.5, 3: 0.0, 4: 0.062, 6: 1.0}","{6: 46, 4: 12, 3: 1}",72
_right_k002,sampo_antoine_ircam_13,GCN->TCN,75,50,7,26,0.3846,287,0.3833,"{2: 0.5, 3: 1.0, 4: 0.167, 6: 1.0}","{6: 23, 4: 14, 1: 1, 3: 9}",72
_right_k002,sampo_nikita_ircam_10,GCN->TCN,75,50,7,28,0.4643,302,0.4371,"{2: 1.0, 3: 0.0, 4: 0.5, 6: 0.5}","{3: 3, 2: 25, 4: 4, 6: 10, 1: 6}",72
_right_k002,sampo_nikita_ircam_11,GCN->TCN,75,50,7,25,0.1600,282,0.2021,"{2: 0.0, 3: 0.25, 4: 0.118, 6: 0.5}","{6: 36, 4: 3, 1: 6, 2: 13}",72
_right_k002,sampo_antoine_ircam_12,voll12,50,,8,24,0.7917,272,0.7647,"{2: 1.0, 3: 0.25, 4: 1.0, 6: 0.0}","{3: 4, 4: 43, 6: 3, 1: 4, 2: 6}",3
_right_k002,sampo_antoine_ircam_13,voll12,50,,8,26,0.7692,293,0.6621,"{2: 0.0, 3: 0.5, 4: 1.0, 6: 0.0}","{3: 6, 6: 5, 4: 45}",3
_right_k002,sampo_nikita_ircam_10,voll12,50,,8,28,0.6071,312,0.5833,"{2: 0.0, 3: 0.0, 4: 0.85, 6: 0.0}","{1: 6, 4: 32, 2: 5, 3: 6, 6: 4}",3
_right_k002,sampo_nikita_ircam_11,voll12,50,,8,25,0.5600,282,0.5177,"{2: 0.5, 3: 0.5, 4: 0.647, 6: 0.0}","{6: 14, 1: 8, 4: 32, 3: 2, 2: 4}",3
_right_k002,sampo_antoine_ircam_12,pos4,50,,8,24,0.7917,272,0.7831,"{2: 0.5, 3: 0.5, 4: 1.0, 6: 0.0}","{4: 38, 1: 4, 6: 6, 2: 7, 3: 5}",3
_right_k002,sampo_antoine_ircam_13,pos4,50,,8,26,0.6538,293,0.6143,"{2: 0.0, 3: 0.75, 4: 0.778, 6: 0.0}","{4: 40, 6: 12, 3: 4}",3
_right_k002,sampo_nikita_ircam_10,pos4,50,,8,28,0.5714,312,0.4936,"{2: 0.0, 3: 0.0, 4: 0.75, 6: 0.5}","{2: 8, 1: 6, 4: 22, 6: 13, 3: 4}",3
_right_k002,sampo_nikita_ircam_11,pos4,50,,8,25,0.4800,282,0.4716,"{2: 0.5, 3: 0.5, 4: 0.529, 6: 0.0}","{6: 21, 2: 9, 3: 7, 4: 22, 1: 1}",3
_right_k002,sampo_antoine_ircam_12,tips6pos,50,,8,24,0.7500,272,0.7463,"{2: 0.5, 3: 0.25, 4: 1.0, 6: 0.0}","{3: 7, 4: 48, 6: 2, 1: 3}",4
_right_k002,sampo_antoine_ircam_13,tips6pos,50,,8,26,0.7692,293,0.7372,"{2: 0.5, 3: 0.5, 4: 0.944, 6: 0.0}","{4: 52, 3: 4}",4
_right_k002,sampo_nikita_ircam_10,tips6pos,50,,8,28,0.5714,312,0.5128,"{2: 0.0, 3: 0.0, 4: 0.8, 6: 0.0}","{2: 3, 4: 40, 3: 1, 6: 6, 1: 3}",4
_right_k002,sampo_nikita_ircam_11,tips6pos,50,,8,25,0.5600,282,0.5603,"{2: 0.5, 3: 0.25, 4: 0.706, 6: 0.0}","{6: 13, 4: 38, 3: 3, 1: 2, 2: 4}",4
_right_k002,sampo_antoine_ircam_12,GCN,50,,8,24,0.0417,272,0.0956,"{2: 0.0, 3: 0.25, 4: 0.0, 6: 0.0}","{6: 29, 2: 11, 3: 11, 4: 1, 1: 8}",32
_right_k002,sampo_antoine_ircam_13,GCN,50,,8,26,0.1538,293,0.1502,"{2: 0.0, 3: 0.5, 4: 0.056, 6: 0.5}","{2: 12, 6: 19, 3: 7, 1: 10, 4: 8}",32
_right_k002,sampo_nikita_ircam_10,GCN,50,,8,28,0.1429,312,0.1763,"{2: 0.0, 3: 0.25, 4: 0.15, 6: 0.0}","{1: 27, 3: 9, 4: 7, 6: 7, 2: 3}",32
_right_k002,sampo_nikita_ircam_11,GCN,50,,8,25,0.2400,282,0.2163,"{2: 0.0, 3: 0.75, 4: 0.176, 6: 0.0}","{1: 22, 4: 5, 2: 13, 6: 15, 3: 5}",32
_right_k002,sampo_antoine_ircam_12,TCN->TCN,75,50,8,24,0.5417,272,0.5882,"{2: 0.0, 3: 0.75, 4: 0.625, 6: 0.0}","{4: 22, 1: 2, 6: 29, 3: 6}",10
_right_k002,sampo_antoine_ircam_13,TCN->TCN,75,50,8,26,0.8077,287,0.7387,"{2: 0.5, 3: 0.75, 4: 0.889, 6: 0.5}","{4: 14, 6: 28, 3: 5}",10
_right_k002,sampo_nikita_ircam_10,TCN->TCN,75,50,8,28,0.5000,302,0.5000,"{2: 0.0, 3: 0.25, 4: 0.6, 6: 0.5}","{4: 19, 3: 11, 2: 4, 1: 12, 6: 2}",10
_right_k002,sampo_nikita_ircam_11,TCN->TCN,75,50,8,25,0.4800,282,0.4184,"{2: 0.5, 3: 0.5, 4: 0.529, 6: 0.0}","{1: 2, 4: 25, 2: 1, 3: 11, 6: 19}",10
_right_k002,sampo_antoine_ircam_12,GCN->TCN,75,50,8,24,0.4167,272,0.3603,"{2: 0.5, 3: 0.75, 4: 0.375, 6: 0.0}","{4: 35, 6: 9, 3: 13, 2: 2}",72
_right_k002,sampo_antoine_ircam_13,GCN->TCN,75,50,8,26,0.4615,287,0.4913,"{2: 0.5, 3: 0.25, 4: 0.556, 6: 0.0}","{4: 36, 2: 6, 3: 5}",72
_right_k002,sampo_nikita_ircam_10,GCN->TCN,75,50,8,28,0.3571,302,0.3841,"{2: 0.0, 3: 0.0, 4: 0.5, 6: 0.0}","{1: 13, 4: 10, 3: 18, 2: 7}",72
_right_k002,sampo_nikita_ircam_11,GCN->TCN,75,50,8,25,0.3200,282,0.2518,"{2: 0.0, 3: 0.25, 4: 0.412, 6: 0.0}","{1: 15, 4: 18, 2: 14, 3: 11}",72
_right_k002,sampo_antoine_ircam_12,voll12,50,,9,24,0.7500,272,0.7206,"{2: 0.5, 3: 0.25, 4: 1.0, 6: 0.0}","{3: 6, 4: 35, 6: 9, 1: 6, 2: 4}",3
_right_k002,sampo_antoine_ircam_13,voll12,50,,9,26,0.6923,293,0.6416,"{2: 0.0, 3: 0.25, 4: 0.944, 6: 0.0}","{6: 10, 4: 43, 3: 3}",3
_right_k002,sampo_nikita_ircam_10,voll12,50,,9,28,0.5714,312,0.5513,"{2: 0.0, 3: 0.0, 4: 0.75, 6: 0.5}","{4: 34, 6: 14, 1: 4, 2: 1}",3
_right_k002,sampo_nikita_ircam_11,voll12,50,,9,25,0.4800,282,0.4716,"{2: 0.5, 3: 0.25, 4: 0.588, 6: 0.0}","{6: 23, 4: 25, 2: 1, 1: 10, 3: 1}",3
_right_k002,sampo_antoine_ircam_12,pos4,50,,9,24,0.8750,272,0.7353,"{2: 1.0, 3: 0.5, 4: 1.0, 6: 0.5}","{3: 13, 1: 11, 4: 24, 6: 8, 2: 4}",3
_right_k002,sampo_antoine_ircam_13,pos4,50,,9,26,0.6538,293,0.5529,"{2: 0.0, 3: 0.75, 4: 0.778, 6: 0.0}","{1: 3, 6: 14, 4: 33, 3: 6}",3
_right_k002,sampo_nikita_ircam_10,pos4,50,,9,28,0.4286,312,0.4199,"{2: 0.0, 3: 0.0, 4: 0.55, 6: 0.5}","{2: 7, 1: 9, 4: 16, 6: 17, 3: 4}",3
_right_k002,sampo_nikita_ircam_11,pos4,50,,9,25,0.4000,282,0.3652,"{2: 0.5, 3: 0.25, 4: 0.471, 6: 0.0}","{6: 21, 1: 6, 2: 7, 4: 19, 3: 7}",3
_right_k002,sampo_antoine_ircam_12,tips6pos,50,,9,24,0.7917,272,0.7096,"{2: 0.5, 3: 0.5, 4: 1.0, 6: 0.0}","{3: 14, 1: 8, 4: 34, 6: 3, 2: 1}",4
_right_k002,sampo_antoine_ircam_13,tips6pos,50,,9,26,0.8077,293,0.7304,"{2: 0.5, 3: 0.75, 4: 0.944, 6: 0.0}","{3: 5, 6: 8, 4: 42, 1: 1}",4
_right_k002,sampo_nikita_ircam_10,tips6pos,50,,9,28,0.5714,312,0.4968,"{2: 0.0, 3: 0.0, 4: 0.8, 6: 0.0}","{1: 13, 4: 24, 6: 9, 3: 4, 2: 3}",4
_right_k002,sampo_nikita_ircam_11,tips6pos,50,,9,25,0.6400,282,0.5496,"{2: 0.5, 3: 0.5, 4: 0.765, 6: 0.0}","{6: 15, 1: 9, 4: 26, 3: 4, 2: 6}",4
_right_k002,sampo_antoine_ircam_12,GCN,50,,9,24,0.1667,272,0.2059,"{2: 0.0, 3: 1.0, 4: 0.0, 6: 0.0}","{3: 19, 6: 14, 4: 13, 1: 11, 2: 3}",31
_right_k002,sampo_antoine_ircam_13,GCN,50,,9,26,0.2308,293,0.2321,"{2: 0.0, 3: 0.75, 4: 0.167, 6: 0.0}","{6: 15, 3: 13, 1: 17, 4: 11}",32
_right_k002,sampo_nikita_ircam_10,GCN,50,,9,28,0.3571,312,0.3686,"{2: 0.5, 3: 0.25, 4: 0.4, 6: 0.0}","{1: 22, 4: 15, 2: 5, 3: 9, 6: 2}",32
_right_k002,sampo_nikita_ircam_11,GCN,50,,9,25,0.4000,282,0.3156,"{2: 0.5, 3: 0.25, 4: 0.471, 6: 0.0}","{1: 18, 4: 10, 3: 10, 6: 10, 2: 12}",32
_right_k002,sampo_antoine_ircam_12,TCN->TCN,75,50,9,24,0.7083,272,0.6912,"{2: 0.0, 3: 0.5, 4: 0.938, 6: 0.0}","{4: 31, 6: 22, 3: 6}",10
_right_k002,sampo_antoine_ircam_13,TCN->TCN,75,50,9,26,0.6923,287,0.7282,"{2: 0.5, 3: 0.5, 4: 0.778, 6: 0.5}","{6: 21, 4: 20, 3: 6}",10
_right_k002,sampo_nikita_ircam_10,TCN->TCN,75,50,9,28,0.6429,302,0.5563,"{2: 0.0, 3: 0.5, 4: 0.8, 6: 0.0}","{4: 25, 3: 1, 2: 6, 1: 13, 6: 3}",10
_right_k002,sampo_nikita_ircam_11,TCN->TCN,75,50,9,25,0.4400,282,0.3865,"{2: 0.0, 3: 0.5, 4: 0.529, 6: 0.0}","{1: 14, 2: 1, 3: 6, 4: 36, 6: 1}",10
_right_k002,sampo_antoine_ircam_12,GCN->TCN,75,50,9,24,0.4167,272,0.3971,"{2: 0.5, 3: 0.25, 4: 0.438, 6: 0.5}","{6: 25, 4: 22, 2: 12}",72
_right_k002,sampo_antoine_ircam_13,GCN->TCN,75,50,9,26,0.3077,287,0.2822,"{2: 0.0, 3: 0.5, 4: 0.333, 6: 0.0}","{4: 22, 6: 9, 2: 9, 3: 7}",72
_right_k002,sampo_nikita_ircam_10,GCN->TCN,75,50,9,28,0.3571,302,0.3543,"{2: 0.0, 3: 0.0, 4: 0.5, 6: 0.0}","{4: 14, 3: 3, 2: 27, 6: 4}",72
_right_k002,sampo_nikita_ircam_11,GCN->TCN,75,50,9,25,0.2800,282,0.2518,"{2: 0.0, 3: 0.5, 4: 0.294, 6: 0.0}","{6: 12, 1: 10, 2: 5, 4: 26, 3: 5}",72
