datensatz,split,testset,gehalten,modell,fenster,w1,rand,seed,epochen,block,dilationen,params,takte_n,takte_richtig,takte_macro,je_taktart,aufnahmen_n,aufnahmen_richtig,sek
Datensatz,ohne 3,bekannt (20%),,voll12,50,,12,0,10,2conv+wn,1-2-4-8,23749,1829,0.9109,0.9258,"{1: 0.977, 2: 0.8, 3: 0.876, 4: 0.993, 6: 0.983}",33,0.9394,1
Datensatz,ohne 3,ungesehen: 3,3,voll12,50,,12,0,10,2conv+wn,1-2-4-8,23749,2672,0.6040,0.5852,"{1: 0.651, 2: 0.352, 3: 0.369, 4: 0.969}",44,0.6591,2
Datensatz,ohne 3,bekannt (20%),,voll12,50,,12,1,10,2conv+wn,1-2-4-8,23749,1829,0.8890,0.9110,"{1: 0.977, 2: 0.788, 3: 0.798, 4: 0.993, 6: 1.0}",33,0.9394,0
Datensatz,ohne 3,ungesehen: 3,3,voll12,50,,12,1,10,2conv+wn,1-2-4-8,23749,2672,0.5808,0.5413,"{1: 0.649, 2: 0.279, 3: 0.237, 4: 1.0}",44,0.6364,1
Datensatz,ohne 3,bekannt (20%),,voll12,50,,12,2,10,2conv+wn,1-2-4-8,23749,1829,0.9180,0.9342,"{1: 0.975, 2: 0.813, 3: 0.904, 4: 0.979, 6: 1.0}",33,0.9394,0
Datensatz,ohne 3,ungesehen: 3,3,voll12,50,,12,2,10,2conv+wn,1-2-4-8,23749,2672,0.5981,0.5892,"{1: 0.669, 2: 0.314, 3: 0.5, 4: 0.874}",44,0.6591,1
Datensatz,ohne 3,bekannt (20%),,voll12,50,,12,3,10,2conv+wn,1-2-4-8,23749,1829,0.9262,0.9410,"{1: 0.979, 2: 0.785, 3: 0.964, 4: 0.976, 6: 1.0}",33,0.9394,0
Datensatz,ohne 3,ungesehen: 3,3,voll12,50,,12,3,10,2conv+wn,1-2-4-8,23749,2672,0.6138,0.6002,"{1: 0.689, 2: 0.287, 3: 0.45, 4: 0.974}",44,0.7273,1
Datensatz,ohne 3,bekannt (20%),,voll12,50,,12,4,10,2conv+wn,1-2-4-8,23749,1829,0.8775,0.9019,"{1: 0.972, 2: 0.76, 3: 0.78, 4: 0.998, 6: 1.0}",33,0.9394,0
Datensatz,ohne 3,ungesehen: 3,3,voll12,50,,12,4,10,2conv+wn,1-2-4-8,23749,2672,0.5722,0.5354,"{1: 0.652, 2: 0.236, 3: 0.256, 4: 0.997}",44,0.6364,1
Datensatz,ohne 3,bekannt (20%),,voll12,50,,12,5,10,2conv+wn,1-2-4-8,23749,1829,0.9267,0.9409,"{1: 0.97, 2: 0.835, 3: 0.933, 4: 0.967, 6: 1.0}",33,0.9394,0
Datensatz,ohne 3,ungesehen: 3,3,voll12,50,,12,5,10,2conv+wn,1-2-4-8,23749,2672,0.6093,0.5881,"{1: 0.648, 2: 0.402, 3: 0.375, 4: 0.928}",44,0.6136,1
Datensatz,ohne 3,bekannt (20%),,voll12,50,,12,6,10,2conv+wn,1-2-4-8,23749,1829,0.9245,0.9395,"{1: 0.975, 2: 0.811, 3: 0.938, 4: 0.974, 6: 1.0}",33,0.9697,0
Datensatz,ohne 3,ungesehen: 3,3,voll12,50,,12,6,10,2conv+wn,1-2-4-8,23749,2672,0.6460,0.6337,"{1: 0.7, 2: 0.438, 3: 0.544, 4: 0.853}",44,0.7500,1
Datensatz,ohne 3,bekannt (20%),,voll12,50,,12,7,10,2conv+wn,1-2-4-8,23749,1829,0.9273,0.9416,"{1: 0.972, 2: 0.824, 3: 0.933, 4: 0.979, 6: 1.0}",33,0.9697,0
Datensatz,ohne 3,ungesehen: 3,3,voll12,50,,12,7,10,2conv+wn,1-2-4-8,23749,2672,0.6093,0.6240,"{1: 0.664, 2: 0.327, 3: 0.6, 4: 0.905}",44,0.6818,1
Datensatz,ohne 3,bekannt (20%),,voll12,50,,12,8,10,2conv+wn,1-2-4-8,23749,1829,0.9273,0.9416,"{1: 0.975, 2: 0.835, 3: 0.918, 4: 0.981, 6: 1.0}",33,0.9697,0
Datensatz,ohne 3,ungesehen: 3,3,voll12,50,,12,8,10,2conv+wn,1-2-4-8,23749,2672,0.6048,0.5618,"{1: 0.652, 2: 0.427, 3: 0.3, 4: 0.869}",44,0.6818,1
Datensatz,ohne 3,bekannt (20%),,voll12,50,,12,9,10,2conv+wn,1-2-4-8,23749,1829,0.8775,0.9016,"{1: 0.97, 2: 0.807, 3: 0.733, 4: 0.998, 6: 1.0}",33,0.9697,0
Datensatz,ohne 3,ungesehen: 3,3,voll12,50,,12,9,10,2conv+wn,1-2-4-8,23749,2672,0.6164,0.5606,"{1: 0.657, 2: 0.424, 3: 0.175, 4: 0.987}",44,0.6591,1
Datensatz,ohne 3,bekannt (20%),,pos4,50,,12,0,10,2conv+wn,1-2-4-8,22725,1829,0.9153,0.9264,"{1: 0.972, 2: 0.809, 3: 0.891, 4: 0.993, 6: 0.967}",33,0.9394,0
Datensatz,ohne 3,ungesehen: 3,3,pos4,50,,12,0,10,2conv+wn,1-2-4-8,22725,2672,0.6082,0.5944,"{1: 0.657, 2: 0.336, 3: 0.388, 4: 0.997}",44,0.6591,1
Datensatz,ohne 3,bekannt (20%),,pos4,50,,12,1,10,2conv+wn,1-2-4-8,22725,1829,0.9278,0.9364,"{1: 0.972, 2: 0.828, 3: 0.929, 4: 0.986, 6: 0.967}",33,1.0000,0
Datensatz,ohne 3,ungesehen: 3,3,pos4,50,,12,1,10,2conv+wn,1-2-4-8,22725,2672,0.5861,0.5868,"{1: 0.62, 2: 0.321, 3: 0.406, 4: 1.0}",44,0.6591,1
Datensatz,ohne 3,bekannt (20%),,pos4,50,,12,2,10,2conv+wn,1-2-4-8,22725,1829,0.9317,0.9453,"{1: 0.968, 2: 0.813, 3: 0.96, 4: 0.986, 6: 1.0}",33,1.0000,0
Datensatz,ohne 3,ungesehen: 3,3,pos4,50,,12,2,10,2conv+wn,1-2-4-8,22725,2672,0.5909,0.5881,"{1: 0.658, 2: 0.295, 3: 0.5, 4: 0.899}",44,0.6136,1
Datensatz,ohne 3,bekannt (20%),,pos4,50,,12,3,10,2conv+wn,1-2-4-8,22725,1829,0.9021,0.9217,"{1: 0.977, 2: 0.788, 3: 0.853, 4: 0.99, 6: 1.0}",33,0.9394,0
Datensatz,ohne 3,ungesehen: 3,3,pos4,50,,12,3,10,2conv+wn,1-2-4-8,22725,2672,0.5823,0.5608,"{1: 0.657, 2: 0.242, 3: 0.344, 4: 1.0}",44,0.6818,1
Datensatz,ohne 3,bekannt (20%),,pos4,50,,12,4,10,2conv+wn,1-2-4-8,22725,1829,0.9410,0.9496,"{1: 0.968, 2: 0.863, 3: 0.956, 4: 0.979, 6: 0.983}",33,1.0000,0
Datensatz,ohne 3,ungesehen: 3,3,pos4,50,,12,4,10,2conv+wn,1-2-4-8,22725,2672,0.5962,0.5953,"{1: 0.621, 2: 0.397, 3: 0.45, 4: 0.912}",44,0.6818,1
Datensatz,ohne 3,bekannt (20%),,pos4,50,,12,5,10,2conv+wn,1-2-4-8,22725,1829,0.9060,0.9248,"{1: 0.977, 2: 0.783, 3: 0.876, 4: 0.988, 6: 1.0}",33,0.9394,0
Datensatz,ohne 3,ungesehen: 3,3,pos4,50,,12,5,10,2conv+wn,1-2-4-8,22725,2672,0.6119,0.5871,"{1: 0.675, 2: 0.317, 3: 0.356, 4: 1.0}",44,0.6818,1
Datensatz,ohne 3,bekannt (20%),,pos4,50,,12,6,10,2conv+wn,1-2-4-8,22725,1829,0.9235,0.9385,"{1: 0.972, 2: 0.783, 3: 0.982, 4: 0.955, 6: 1.0}",33,0.9394,0
Datensatz,ohne 3,ungesehen: 3,3,pos4,50,,12,6,10,2conv+wn,1-2-4-8,22725,2672,0.6156,0.6177,"{1: 0.697, 2: 0.326, 3: 0.631, 4: 0.817}",44,0.6591,1
Datensatz,ohne 3,bekannt (20%),,pos4,50,,12,7,10,2conv+wn,1-2-4-8,22725,1829,0.9251,0.9401,"{1: 0.972, 2: 0.811, 3: 0.929, 4: 0.988, 6: 1.0}",33,0.9697,0
Datensatz,ohne 3,ungesehen: 3,3,pos4,50,,12,7,10,2conv+wn,1-2-4-8,22725,2672,0.5996,0.5891,"{1: 0.65, 2: 0.312, 3: 0.394, 4: 1.0}",44,0.6818,1
Datensatz,ohne 3,bekannt (20%),,pos4,50,,12,8,10,2conv+wn,1-2-4-8,22725,1829,0.9426,0.9532,"{1: 0.97, 2: 0.88, 3: 0.971, 4: 0.945, 6: 1.0}",33,0.9697,0
Datensatz,ohne 3,ungesehen: 3,3,pos4,50,,12,8,10,2conv+wn,1-2-4-8,22725,2672,0.6377,0.6368,"{1: 0.693, 2: 0.421, 3: 0.606, 4: 0.827}",44,0.7045,1
Datensatz,ohne 3,bekannt (20%),,pos4,50,,12,9,10,2conv+wn,1-2-4-8,22725,1829,0.9185,0.9348,"{1: 0.977, 2: 0.775, 3: 0.953, 4: 0.969, 6: 1.0}",33,0.9394,0
Datensatz,ohne 3,ungesehen: 3,3,pos4,50,,12,9,10,2conv+wn,1-2-4-8,22725,2672,0.5913,0.5607,"{1: 0.685, 2: 0.268, 3: 0.4, 4: 0.889}",44,0.6591,1
Datensatz,ohne 3,bekannt (20%),,tips6pos,50,,12,0,10,2conv+wn,1-2-4-8,23749,1829,0.8989,0.9189,"{1: 0.972, 2: 0.807, 3: 0.818, 4: 0.998, 6: 1.0}",33,0.9394,1
Datensatz,ohne 3,ungesehen: 3,3,tips6pos,50,,12,0,10,2conv+wn,1-2-4-8,23749,2672,0.5756,0.5345,"{1: 0.656, 2: 0.29, 3: 0.3, 4: 0.892}",44,0.5909,1
Datensatz,ohne 3,bekannt (20%),,tips6pos,50,,12,1,10,2conv+wn,1-2-4-8,23749,1829,0.8573,0.8852,"{1: 0.977, 2: 0.8, 3: 0.651, 4: 0.998, 6: 1.0}",33,0.9394,1
Datensatz,ohne 3,ungesehen: 3,3,tips6pos,50,,12,1,10,2conv+wn,1-2-4-8,23749,2672,0.5782,0.5332,"{1: 0.663, 2: 0.277, 3: 0.275, 4: 0.918}",44,0.6364,1
Datensatz,ohne 3,bekannt (20%),,tips6pos,50,,12,2,10,2conv+wn,1-2-4-8,23749,1829,0.9284,0.9426,"{1: 0.986, 2: 0.837, 3: 0.909, 4: 0.981, 6: 1.0}",33,0.9394,1
Datensatz,ohne 3,ungesehen: 3,3,tips6pos,50,,12,2,10,2conv+wn,1-2-4-8,23749,2672,0.6228,0.6488,"{1: 0.688, 2: 0.336, 3: 0.731, 4: 0.84}",44,0.7273,1
Datensatz,ohne 3,bekannt (20%),,tips6pos,50,,12,3,10,2conv+wn,1-2-4-8,23749,1829,0.9273,0.9418,"{1: 0.979, 2: 0.822, 3: 0.922, 4: 0.986, 6: 1.0}",33,0.9394,1
Datensatz,ohne 3,ungesehen: 3,3,tips6pos,50,,12,3,10,2conv+wn,1-2-4-8,23749,2672,0.6321,0.6631,"{1: 0.694, 2: 0.352, 3: 0.769, 4: 0.838}",44,0.7273,1
Datensatz,ohne 3,bekannt (20%),,tips6pos,50,,12,4,10,2conv+wn,1-2-4-8,23749,1829,0.8967,0.9172,"{1: 0.977, 2: 0.798, 3: 0.813, 4: 0.998, 6: 1.0}",33,0.9394,1
Datensatz,ohne 3,ungesehen: 3,3,tips6pos,50,,12,4,10,2conv+wn,1-2-4-8,23749,2672,0.5846,0.5712,"{1: 0.655, 2: 0.309, 3: 0.463, 4: 0.858}",44,0.5909,1
Datensatz,ohne 3,bekannt (20%),,tips6pos,50,,12,5,10,2conv+wn,1-2-4-8,23749,1829,0.9191,0.9350,"{1: 0.977, 2: 0.833, 3: 0.882, 4: 0.983, 6: 1.0}",33,1.0000,1
Datensatz,ohne 3,ungesehen: 3,3,tips6pos,50,,12,5,10,2conv+wn,1-2-4-8,23749,2672,0.5962,0.5795,"{1: 0.66, 2: 0.346, 3: 0.456, 4: 0.856}",44,0.6818,1
Datensatz,ohne 3,bekannt (20%),,tips6pos,50,,12,6,10,2conv+wn,1-2-4-8,23749,1829,0.9251,0.9397,"{1: 0.979, 2: 0.807, 3: 0.956, 4: 0.957, 6: 1.0}",33,0.9394,1
Datensatz,ohne 3,ungesehen: 3,3,tips6pos,50,,12,6,10,2conv+wn,1-2-4-8,23749,2672,0.6119,0.6167,"{1: 0.7, 2: 0.304, 3: 0.656, 4: 0.807}",44,0.6818,1
Datensatz,ohne 3,bekannt (20%),,tips6pos,50,,12,7,10,2conv+wn,1-2-4-8,23749,1829,0.9306,0.9445,"{1: 0.977, 2: 0.798, 3: 0.971, 4: 0.976, 6: 1.0}",33,0.9091,1
Datensatz,ohne 3,ungesehen: 3,3,tips6pos,50,,12,7,10,2conv+wn,1-2-4-8,23749,2672,0.6130,0.6339,"{1: 0.704, 2: 0.279, 3: 0.744, 4: 0.809}",44,0.6818,1
Datensatz,ohne 3,bekannt (20%),,tips6pos,50,,12,8,10,2conv+wn,1-2-4-8,23749,1829,0.9284,0.9426,"{1: 0.977, 2: 0.83, 3: 0.922, 4: 0.983, 6: 1.0}",33,0.9394,1
Datensatz,ohne 3,ungesehen: 3,3,tips6pos,50,,12,8,10,2conv+wn,1-2-4-8,23749,2672,0.6119,0.5895,"{1: 0.684, 2: 0.359, 3: 0.469, 4: 0.845}",44,0.6818,1
Datensatz,ohne 3,bekannt (20%),,tips6pos,50,,12,9,10,2conv+wn,1-2-4-8,23749,1829,0.8486,0.8780,"{1: 0.975, 2: 0.82, 3: 0.598, 4: 0.998, 6: 1.0}",33,0.9091,1
Datensatz,ohne 3,ungesehen: 3,3,tips6pos,50,,12,9,10,2conv+wn,1-2-4-8,23749,2672,0.6082,0.5326,"{1: 0.662, 2: 0.431, 3: 0.113, 4: 0.925}",44,0.6591,1
Datensatz,ohne 3,bekannt (20%),,GCN,50,,12,0,10,2conv+wn,1-2-4-8,28613,1829,0.9087,0.9249,"{1: 0.945, 2: 0.833, 3: 0.967, 4: 0.881, 6: 1.0}",33,1.0000,1
Datensatz,ohne 3,ungesehen: 3,3,GCN,50,,12,0,10,2conv+wn,1-2-4-8,28613,2672,0.4435,0.4512,"{1: 0.479, 2: 0.251, 3: 0.412, 4: 0.662}",44,0.4318,1
Datensatz,ohne 3,bekannt (20%),,GCN,50,,12,1,10,2conv+wn,1-2-4-8,28613,1829,0.8168,0.8411,"{1: 0.548, 2: 0.856, 3: 0.98, 4: 0.854, 6: 0.967}",33,0.8788,1
Datensatz,ohne 3,ungesehen: 3,3,GCN,50,,12,1,10,2conv+wn,1-2-4-8,28613,2672,0.3286,0.4292,"{1: 0.263, 2: 0.302, 3: 0.675, 4: 0.477}",44,0.4091,1
Datensatz,ohne 3,bekannt (20%),,GCN,50,,12,2,10,2conv+wn,1-2-4-8,28613,1829,0.9027,0.9193,"{1: 0.982, 2: 0.82, 3: 0.996, 4: 0.8, 6: 1.0}",33,0.9697,1
Datensatz,ohne 3,ungesehen: 3,3,GCN,50,,12,2,10,2conv+wn,1-2-4-8,28613,2672,0.4274,0.4620,"{1: 0.472, 2: 0.29, 3: 0.694, 4: 0.392}",44,0.4545,1
Datensatz,ohne 3,bekannt (20%),,GCN,50,,12,3,10,2conv+wn,1-2-4-8,28613,1829,0.9098,0.9021,"{1: 0.986, 2: 0.764, 3: 0.918, 4: 0.993, 6: 0.85}",33,0.9394,1
Datensatz,ohne 3,ungesehen: 3,3,GCN,50,,12,3,10,2conv+wn,1-2-4-8,28613,2672,0.5434,0.5154,"{1: 0.682, 2: 0.13, 3: 0.463, 4: 0.786}",44,0.5227,1
Datensatz,ohne 3,bekannt (20%),,GCN,50,,12,4,10,2conv+wn,1-2-4-8,28613,1829,0.9202,0.9249,"{1: 0.982, 2: 0.79, 3: 0.922, 4: 0.998, 6: 0.933}",33,0.9394,1
Datensatz,ohne 3,ungesehen: 3,3,GCN,50,,12,4,10,2conv+wn,1-2-4-8,28613,2672,0.5221,0.5221,"{1: 0.589, 2: 0.232, 3: 0.456, 4: 0.812}",44,0.5455,1
Datensatz,ohne 3,bekannt (20%),,GCN,50,,12,5,10,2conv+wn,1-2-4-8,28613,1829,0.8830,0.8947,"{1: 0.982, 2: 0.781, 3: 0.78, 4: 0.998, 6: 0.933}",33,0.9394,1
Datensatz,ohne 3,ungesehen: 3,3,GCN,50,,12,5,10,2conv+wn,1-2-4-8,28613,2672,0.5618,0.5296,"{1: 0.636, 2: 0.229, 3: 0.256, 4: 0.997}",44,0.5909,1
Datensatz,ohne 3,bekannt (20%),,GCN,50,,12,6,10,2conv+wn,1-2-4-8,28613,1829,0.8989,0.8585,"{1: 0.963, 2: 0.764, 3: 0.918, 4: 0.998, 6: 0.65}",33,0.9091,1
Datensatz,ohne 3,ungesehen: 3,3,GCN,50,,12,6,10,2conv+wn,1-2-4-8,28613,2672,0.4828,0.5091,"{1: 0.519, 2: 0.185, 3: 0.444, 4: 0.889}",44,0.5455,1
Datensatz,ohne 3,bekannt (20%),,GCN,50,,12,7,10,2conv+wn,1-2-4-8,28613,1829,0.9235,0.9390,"{1: 0.97, 2: 0.785, 3: 0.944, 4: 0.995, 6: 1.0}",33,0.9394,1
Datensatz,ohne 3,ungesehen: 3,3,GCN,50,,12,7,10,2conv+wn,1-2-4-8,28613,2672,0.4948,0.5123,"{1: 0.564, 2: 0.139, 3: 0.475, 4: 0.871}",44,0.5227,1
Datensatz,ohne 3,bekannt (20%),,GCN,50,,12,8,10,2conv+wn,1-2-4-8,28613,1829,0.8885,0.8388,"{1: 0.975, 2: 0.73, 3: 0.913, 4: 0.993, 6: 0.583}",33,0.9394,1
Datensatz,ohne 3,ungesehen: 3,3,GCN,50,,12,8,10,2conv+wn,1-2-4-8,28613,2672,0.3982,0.4721,"{1: 0.384, 2: 0.113, 3: 0.469, 4: 0.923}",44,0.4318,1
Datensatz,ohne 3,bekannt (20%),,GCN,50,,12,9,10,2conv+wn,1-2-4-8,28613,1829,0.9180,0.9257,"{1: 0.975, 2: 0.788, 3: 0.94, 4: 0.976, 6: 0.95}",33,0.9394,1
Datensatz,ohne 3,ungesehen: 3,3,GCN,50,,12,9,10,2conv+wn,1-2-4-8,28613,2672,0.4203,0.4492,"{1: 0.452, 2: 0.201, 3: 0.481, 4: 0.662}",44,0.4318,1
Datensatz,ohne 3,bekannt (20%),,TCN->TCN,75,50,12,0,10,2conv+wn,1-2-4-8,67977,1805,0.9319,0.9396,"{1: 1.0, 2: 0.909, 3: 0.851, 4: 0.971, 6: 0.967}",33,1.0000,1
Datensatz,ohne 3,ungesehen: 3,3,TCN->TCN,75,50,12,0,10,2conv+wn,1-2-4-8,67977,2610,0.7467,0.7653,"{1: 0.779, 2: 0.612, 3: 0.848, 4: 0.822}",44,0.8636,1
Datensatz,ohne 3,bekannt (20%),,TCN->TCN,75,50,12,1,10,2conv+wn,1-2-4-8,67977,1805,0.9352,0.9422,"{1: 0.993, 2: 0.872, 3: 0.918, 4: 0.962, 6: 0.967}",33,0.9697,1
Datensatz,ohne 3,ungesehen: 3,3,TCN->TCN,75,50,12,1,10,2conv+wn,1-2-4-8,67977,2610,0.6900,0.7139,"{1: 0.674, 2: 0.672, 3: 0.759, 4: 0.75}",44,0.9091,1
Datensatz,ohne 3,bekannt (20%),,TCN->TCN,75,50,12,2,10,2conv+wn,1-2-4-8,67977,1805,0.9036,0.9170,"{1: 0.995, 2: 0.896, 3: 0.751, 4: 0.976, 6: 0.967}",33,1.0000,1
Datensatz,ohne 3,ungesehen: 3,3,TCN->TCN,75,50,12,2,10,2conv+wn,1-2-4-8,67977,2610,0.6464,0.6328,"{1: 0.648, 2: 0.573, 3: 0.475, 4: 0.835}",44,0.7955,1
Datensatz,ohne 3,bekannt (20%),,TCN->TCN,75,50,12,3,10,2conv+wn,1-2-4-8,67977,1805,0.9136,0.9250,"{1: 1.0, 2: 0.889, 3: 0.796, 4: 0.974, 6: 0.967}",33,1.0000,1
Datensatz,ohne 3,ungesehen: 3,3,TCN->TCN,75,50,12,3,10,2conv+wn,1-2-4-8,67977,2610,0.6506,0.6178,"{1: 0.622, 2: 0.63, 3: 0.278, 4: 0.941}",44,0.7727,1
Datensatz,ohne 3,bekannt (20%),,TCN->TCN,75,50,12,4,10,2conv+wn,1-2-4-8,67977,1805,0.9396,0.9454,"{1: 0.995, 2: 0.917, 3: 0.896, 4: 0.952, 6: 0.967}",33,0.9697,1
Datensatz,ohne 3,ungesehen: 3,3,TCN->TCN,75,50,12,4,10,2conv+wn,1-2-4-8,67977,2610,0.6816,0.6723,"{1: 0.673, 2: 0.653, 3: 0.544, 4: 0.82}",44,0.7955,1
Datensatz,ohne 3,bekannt (20%),,TCN->TCN,75,50,12,5,10,2conv+wn,1-2-4-8,67977,1805,0.9108,0.9225,"{1: 0.986, 2: 0.93, 3: 0.751, 4: 0.979, 6: 0.967}",33,1.0000,1
Datensatz,ohne 3,ungesehen: 3,3,TCN->TCN,75,50,12,5,10,2conv+wn,1-2-4-8,67977,2610,0.5916,0.6067,"{1: 0.541, 2: 0.584, 3: 0.462, 4: 0.84}",44,0.6818,1
Datensatz,ohne 3,bekannt (20%),,TCN->TCN,75,50,12,6,10,2conv+wn,1-2-4-8,67977,1805,0.8787,0.8712,"{1: 1.0, 2: 0.843, 3: 0.724, 4: 0.971, 6: 0.817}",33,1.0000,1
Datensatz,ohne 3,ungesehen: 3,3,TCN->TCN,75,50,12,6,10,2conv+wn,1-2-4-8,67977,2610,0.6602,0.6854,"{1: 0.708, 2: 0.436, 3: 0.766, 4: 0.832}",44,0.7500,1
Datensatz,ohne 3,bekannt (20%),,TCN->TCN,75,50,12,7,10,2conv+wn,1-2-4-8,67977,1805,0.9313,0.9273,"{1: 0.986, 2: 0.872, 3: 0.927, 4: 0.952, 6: 0.9}",33,0.9697,1
Datensatz,ohne 3,ungesehen: 3,3,TCN->TCN,75,50,12,7,10,2conv+wn,1-2-4-8,67977,2610,0.6701,0.7202,"{1: 0.695, 2: 0.522, 3: 0.937, 4: 0.727}",44,0.7273,1
Datensatz,ohne 3,bekannt (20%),,TCN->TCN,75,50,12,8,10,2conv+wn,1-2-4-8,67977,1805,0.9114,0.9088,"{1: 0.995, 2: 0.863, 3: 0.833, 4: 0.969, 6: 0.883}",33,0.9697,1
Datensatz,ohne 3,ungesehen: 3,3,TCN->TCN,75,50,12,8,10,2conv+wn,1-2-4-8,67977,2610,0.6628,0.6823,"{1: 0.663, 2: 0.56, 3: 0.671, 4: 0.835}",44,0.7727,1
Datensatz,ohne 3,bekannt (20%),,TCN->TCN,75,50,12,9,10,2conv+wn,1-2-4-8,67977,1805,0.9302,0.9355,"{1: 1.0, 2: 0.874, 3: 0.88, 4: 0.974, 6: 0.95}",33,1.0000,1
Datensatz,ohne 3,ungesehen: 3,3,TCN->TCN,75,50,12,9,10,2conv+wn,1-2-4-8,67977,2610,0.6713,0.6476,"{1: 0.725, 2: 0.5, 3: 0.538, 4: 0.827}",44,0.7727,1
Datensatz,ohne 3,bekannt (20%),,GCN->TCN,75,50,12,0,10,2conv+wn,1-2-4-8,79753,1805,0.8604,0.8813,"{1: 0.74, 2: 0.861, 3: 0.858, 4: 0.964, 6: 0.983}",33,0.9394,2
Datensatz,ohne 3,ungesehen: 3,3,GCN->TCN,75,50,12,0,10,2conv+wn,1-2-4-8,79753,2610,0.4651,0.5392,"{1: 0.352, 2: 0.525, 3: 0.544, 4: 0.735}",44,0.6136,2
Datensatz,ohne 3,bekannt (20%),,GCN->TCN,75,50,12,1,10,2conv+wn,1-2-4-8,79753,1805,0.9424,0.9540,"{1: 0.993, 2: 0.87, 3: 0.929, 4: 0.979, 6: 1.0}",33,1.0000,2
Datensatz,ohne 3,ungesehen: 3,3,GCN->TCN,75,50,12,1,10,2conv+wn,1-2-4-8,79753,2610,0.5774,0.6177,"{1: 0.504, 2: 0.621, 3: 0.582, 4: 0.763}",44,0.7955,2
Datensatz,ohne 3,bekannt (20%),,GCN->TCN,75,50,12,2,10,2conv+wn,1-2-4-8,79753,1805,0.8892,0.9086,"{1: 0.837, 2: 0.911, 3: 0.829, 4: 0.967, 6: 1.0}",33,0.9697,2
Datensatz,ohne 3,ungesehen: 3,3,GCN->TCN,75,50,12,2,10,2conv+wn,1-2-4-8,79753,2610,0.5172,0.6051,"{1: 0.426, 2: 0.487, 3: 0.671, 4: 0.838}",44,0.6364,2
Datensatz,ohne 3,bekannt (20%),,GCN->TCN,75,50,12,3,10,2conv+wn,1-2-4-8,79753,1805,0.8997,0.9177,"{1: 0.858, 2: 0.874, 3: 0.873, 4: 0.983, 6: 1.0}",33,1.0000,2
Datensatz,ohne 3,ungesehen: 3,3,GCN->TCN,75,50,12,3,10,2conv+wn,1-2-4-8,79753,2610,0.4770,0.5386,"{1: 0.374, 2: 0.536, 3: 0.513, 4: 0.732}",44,0.5909,2
Datensatz,ohne 3,bekannt (20%),,GCN->TCN,75,50,12,4,10,2conv+wn,1-2-4-8,79753,1805,0.8787,0.8906,"{1: 0.752, 2: 0.854, 3: 0.918, 4: 0.979, 6: 0.95}",33,0.9394,2
Datensatz,ohne 3,ungesehen: 3,3,GCN->TCN,75,50,12,4,10,2conv+wn,1-2-4-8,79753,2610,0.4579,0.5482,"{1: 0.355, 2: 0.46, 3: 0.62, 4: 0.758}",44,0.6136,2
Datensatz,ohne 3,bekannt (20%),,GCN->TCN,75,50,12,5,10,2conv+wn,1-2-4-8,79753,1805,0.9213,0.9311,"{1: 0.983, 2: 0.893, 3: 0.827, 4: 0.986, 6: 0.967}",33,1.0000,2
Datensatz,ohne 3,ungesehen: 3,3,GCN->TCN,75,50,12,5,10,2conv+wn,1-2-4-8,79753,2610,0.5253,0.5552,"{1: 0.479, 2: 0.494, 3: 0.487, 4: 0.76}",44,0.5682,2
Datensatz,ohne 3,bekannt (20%),,GCN->TCN,75,50,12,6,10,2conv+wn,1-2-4-8,79753,1805,0.8792,0.8958,"{1: 0.69, 2: 0.909, 3: 0.909, 4: 0.988, 6: 0.983}",33,0.9697,2
Datensatz,ohne 3,ungesehen: 3,3,GCN->TCN,75,50,12,6,10,2conv+wn,1-2-4-8,79753,2610,0.4322,0.5452,"{1: 0.284, 2: 0.493, 3: 0.62, 4: 0.784}",44,0.5909,2
Datensatz,ohne 3,bekannt (20%),,GCN->TCN,75,50,12,7,10,2conv+wn,1-2-4-8,79753,1805,0.9330,0.9433,"{1: 0.974, 2: 0.859, 3: 0.92, 4: 0.981, 6: 0.983}",33,1.0000,2
Datensatz,ohne 3,ungesehen: 3,3,GCN->TCN,75,50,12,7,10,2conv+wn,1-2-4-8,79753,2610,0.5352,0.6155,"{1: 0.526, 2: 0.35, 3: 0.81, 4: 0.776}",44,0.6591,2
Datensatz,ohne 3,bekannt (20%),,GCN->TCN,75,50,12,8,10,2conv+wn,1-2-4-8,79753,1805,0.8903,0.9100,"{1: 0.856, 2: 0.896, 3: 0.82, 4: 0.979, 6: 1.0}",33,1.0000,2
Datensatz,ohne 3,ungesehen: 3,3,GCN->TCN,75,50,12,8,10,2conv+wn,1-2-4-8,79753,2610,0.4617,0.5525,"{1: 0.362, 2: 0.422, 3: 0.589, 4: 0.838}",44,0.5227,2
Datensatz,ohne 3,bekannt (20%),,GCN->TCN,75,50,12,9,10,2conv+wn,1-2-4-8,79753,1805,0.9180,0.9329,"{1: 0.925, 2: 0.933, 3: 0.842, 4: 0.964, 6: 1.0}",33,0.9697,2
Datensatz,ohne 3,ungesehen: 3,3,GCN->TCN,75,50,12,9,10,2conv+wn,1-2-4-8,79753,2610,0.5824,0.6432,"{1: 0.442, 2: 0.792, 3: 0.633, 4: 0.706}",44,0.7500,2
Datensatz,ohne 2,bekannt (20%),,voll12,50,,12,0,10,2conv+wn,1-2-4-8,23749,1066,0.6201,0.7421,"{1: 0.932, 2: 0.196, 3: 0.8, 4: 0.782, 6: 1.0}",20,0.7500,0
Datensatz,ohne 2,ungesehen: 2,2,voll12,50,,12,0,10,2conv+wn,1-2-4-8,23749,2760,0.9051,0.8451,"{1: 0.996, 2: 0.899, 3: 0.833, 4: 0.89, 6: 0.608}",54,0.9259,1
Datensatz,ohne 2,bekannt (20%),,voll12,50,,12,1,10,2conv+wn,1-2-4-8,23749,1066,0.7214,0.7943,"{1: 0.936, 2: 0.546, 3: 0.8, 4: 0.69, 6: 1.0}",20,0.8500,0
Datensatz,ohne 2,ungesehen: 2,2,voll12,50,,12,1,10,2conv+wn,1-2-4-8,23749,2760,0.9116,0.8715,"{1: 0.982, 2: 0.946, 3: 0.846, 4: 0.817, 6: 0.767}",54,0.9630,1
Datensatz,ohne 2,bekannt (20%),,voll12,50,,12,2,10,2conv+wn,1-2-4-8,23749,1066,0.7589,0.8202,"{1: 0.936, 2: 0.613, 3: 0.806, 4: 0.746, 6: 1.0}",20,0.8000,0
Datensatz,ohne 2,ungesehen: 2,2,voll12,50,,12,2,10,2conv+wn,1-2-4-8,23749,2760,0.9007,0.8518,"{1: 0.979, 2: 0.938, 3: 0.815, 4: 0.819, 6: 0.708}",54,0.9630,1
Datensatz,ohne 2,bekannt (20%),,voll12,50,,12,3,10,2conv+wn,1-2-4-8,23749,1066,0.7270,0.7884,"{1: 0.932, 2: 0.586, 3: 0.678, 4: 0.746, 6: 1.0}",20,0.8000,0
Datensatz,ohne 2,ungesehen: 2,2,voll12,50,,12,3,10,2conv+wn,1-2-4-8,23749,2760,0.9203,0.8638,"{1: 1.0, 2: 0.938, 3: 0.848, 4: 0.875, 6: 0.658}",54,0.9259,1
Datensatz,ohne 2,bekannt (20%),,voll12,50,,12,4,10,2conv+wn,1-2-4-8,23749,1066,0.8274,0.8654,"{1: 0.932, 2: 0.804, 3: 0.906, 4: 0.685, 6: 1.0}",20,0.8000,0
Datensatz,ohne 2,ungesehen: 2,2,voll12,50,,12,4,10,2conv+wn,1-2-4-8,23749,2760,0.8478,0.7601,"{1: 0.989, 2: 0.962, 3: 0.967, 4: 0.332, 6: 0.55}",54,0.7407,1
Datensatz,ohne 2,bekannt (20%),,voll12,50,,12,5,10,2conv+wn,1-2-4-8,23749,1066,0.8537,0.8863,"{1: 0.941, 2: 0.833, 3: 0.928, 4: 0.73, 6: 1.0}",20,0.8000,0
Datensatz,ohne 2,ungesehen: 2,2,voll12,50,,12,5,10,2conv+wn,1-2-4-8,23749,2760,0.8649,0.7913,"{1: 0.994, 2: 0.948, 3: 0.911, 4: 0.487, 6: 0.617}",54,0.7593,1
Datensatz,ohne 2,bekannt (20%),,voll12,50,,12,6,10,2conv+wn,1-2-4-8,23749,1066,0.6707,0.7806,"{1: 0.932, 2: 0.32, 3: 0.933, 4: 0.718, 6: 1.0}",20,0.7000,0
Datensatz,ohne 2,ungesehen: 2,2,voll12,50,,12,6,10,2conv+wn,1-2-4-8,23749,2760,0.8826,0.7942,"{1: 0.994, 2: 0.946, 3: 0.952, 4: 0.586, 6: 0.492}",54,0.7407,1
Datensatz,ohne 2,bekannt (20%),,voll12,50,,12,7,10,2conv+wn,1-2-4-8,23749,1066,0.6360,0.7516,"{1: 0.949, 2: 0.28, 3: 0.872, 4: 0.657, 6: 1.0}",20,0.7000,0
Datensatz,ohne 2,ungesehen: 2,2,voll12,50,,12,7,10,2conv+wn,1-2-4-8,23749,2760,0.8793,0.8574,"{1: 1.0, 2: 0.905, 3: 0.959, 4: 0.515, 6: 0.908}",54,0.8148,1
Datensatz,ohne 2,bekannt (20%),,voll12,50,,12,8,10,2conv+wn,1-2-4-8,23749,1066,0.6726,0.7738,"{1: 0.941, 2: 0.39, 3: 0.906, 4: 0.633, 6: 1.0}",20,0.7000,0
Datensatz,ohne 2,ungesehen: 2,2,voll12,50,,12,8,10,2conv+wn,1-2-4-8,23749,2760,0.8957,0.8815,"{1: 1.0, 2: 0.931, 3: 0.93, 4: 0.58, 6: 0.967}",54,0.8148,1
Datensatz,ohne 2,bekannt (20%),,voll12,50,,12,9,10,2conv+wn,1-2-4-8,23749,1066,0.7017,0.7957,"{1: 0.941, 2: 0.409, 3: 0.883, 4: 0.746, 6: 1.0}",20,0.7000,0
Datensatz,ohne 2,ungesehen: 2,2,voll12,50,,12,9,10,2conv+wn,1-2-4-8,23749,2760,0.8699,0.7852,"{1: 1.0, 2: 0.932, 3: 0.93, 4: 0.539, 6: 0.525}",54,0.7222,1
Datensatz,ohne 2,bekannt (20%),,pos4,50,,12,0,10,2conv+wn,1-2-4-8,22725,1066,0.7355,0.8189,"{1: 0.932, 2: 0.481, 3: 0.911, 4: 0.77, 6: 1.0}",20,0.8000,0
Datensatz,ohne 2,ungesehen: 2,2,pos4,50,,12,0,10,2conv+wn,1-2-4-8,22725,2760,0.8630,0.7888,"{1: 0.992, 2: 0.888, 3: 0.846, 4: 0.668, 6: 0.55}",54,0.7593,1
Datensatz,ohne 2,bekannt (20%),,pos4,50,,12,1,10,2conv+wn,1-2-4-8,22725,1066,0.6304,0.7513,"{1: 0.941, 2: 0.234, 3: 0.872, 4: 0.71, 6: 1.0}",20,0.7000,0
Datensatz,ohne 2,ungesehen: 2,2,pos4,50,,12,1,10,2conv+wn,1-2-4-8,22725,2760,0.9022,0.8601,"{1: 1.0, 2: 0.904, 3: 0.957, 4: 0.698, 6: 0.742}",54,0.9074,1
Datensatz,ohne 2,bekannt (20%),,pos4,50,,12,2,10,2conv+wn,1-2-4-8,22725,1066,0.7589,0.8214,"{1: 0.932, 2: 0.591, 3: 0.789, 4: 0.794, 6: 1.0}",20,0.8500,0
Datensatz,ohne 2,ungesehen: 2,2,pos4,50,,12,2,10,2conv+wn,1-2-4-8,22725,2760,0.9076,0.8199,"{1: 0.991, 2: 0.927, 3: 0.835, 4: 0.905, 6: 0.442}",54,0.8519,1
Datensatz,ohne 2,bekannt (20%),,pos4,50,,12,3,10,2conv+wn,1-2-4-8,22725,1066,0.6914,0.7907,"{1: 0.932, 2: 0.406, 3: 0.95, 4: 0.665, 6: 1.0}",20,0.7000,0
Datensatz,ohne 2,ungesehen: 2,2,pos4,50,,12,3,10,2conv+wn,1-2-4-8,22725,2760,0.8424,0.7653,"{1: 0.988, 2: 0.928, 3: 0.978, 4: 0.341, 6: 0.592}",54,0.7407,1
Datensatz,ohne 2,bekannt (20%),,pos4,50,,12,4,10,2conv+wn,1-2-4-8,22725,1066,0.7420,0.8117,"{1: 0.945, 2: 0.554, 3: 0.806, 4: 0.754, 6: 1.0}",20,0.8000,0
Datensatz,ohne 2,ungesehen: 2,2,pos4,50,,12,4,10,2conv+wn,1-2-4-8,22725,2760,0.9254,0.8768,"{1: 0.997, 2: 0.945, 3: 0.874, 4: 0.86, 6: 0.708}",54,0.9630,1
Datensatz,ohne 2,bekannt (20%),,pos4,50,,12,5,10,2conv+wn,1-2-4-8,22725,1066,0.6632,0.7672,"{1: 0.928, 2: 0.325, 3: 0.817, 4: 0.766, 6: 1.0}",20,0.7000,0
Datensatz,ohne 2,ungesehen: 2,2,pos4,50,,12,5,10,2conv+wn,1-2-4-8,22725,2760,0.8833,0.7834,"{1: 0.99, 2: 0.898, 3: 0.828, 4: 0.843, 6: 0.358}",54,0.8519,1
Datensatz,ohne 2,bekannt (20%),,pos4,50,,12,6,10,2conv+wn,1-2-4-8,22725,1066,0.7899,0.8448,"{1: 0.941, 2: 0.71, 3: 0.944, 4: 0.629, 6: 1.0}",20,0.8000,0
Datensatz,ohne 2,ungesehen: 2,2,pos4,50,,12,6,10,2conv+wn,1-2-4-8,22725,2760,0.8906,0.8391,"{1: 0.999, 2: 0.96, 3: 0.972, 4: 0.515, 6: 0.75}",54,0.8148,1
Datensatz,ohne 2,bekannt (20%),,pos4,50,,12,7,10,2conv+wn,1-2-4-8,22725,1066,0.8105,0.8629,"{1: 0.936, 2: 0.696, 3: 0.928, 4: 0.754, 6: 1.0}",20,0.8500,0
Datensatz,ohne 2,ungesehen: 2,2,pos4,50,,12,7,10,2conv+wn,1-2-4-8,22725,2760,0.8801,0.7920,"{1: 0.994, 2: 0.925, 3: 0.92, 4: 0.647, 6: 0.475}",54,0.7593,1
Datensatz,ohne 2,bekannt (20%),,pos4,50,,12,8,10,2conv+wn,1-2-4-8,22725,1066,0.7345,0.8211,"{1: 0.932, 2: 0.473, 3: 0.95, 4: 0.75, 6: 1.0}",20,0.7500,0
Datensatz,ohne 2,ungesehen: 2,2,pos4,50,,12,8,10,2conv+wn,1-2-4-8,22725,2760,0.8953,0.8229,"{1: 0.989, 2: 0.937, 3: 0.913, 4: 0.709, 6: 0.567}",54,0.8704,1
Datensatz,ohne 2,bekannt (20%),,pos4,50,,12,9,10,2conv+wn,1-2-4-8,22725,1066,0.6257,0.7508,"{1: 0.932, 2: 0.212, 3: 0.9, 4: 0.71, 6: 1.0}",20,0.7000,0
Datensatz,ohne 2,ungesehen: 2,2,pos4,50,,12,9,10,2conv+wn,1-2-4-8,22725,2760,0.8942,0.8565,"{1: 1.0, 2: 0.929, 3: 0.937, 4: 0.608, 6: 0.808}",54,0.8333,1
Datensatz,ohne 2,bekannt (20%),,tips6pos,50,,12,0,10,2conv+wn,1-2-4-8,23749,1066,0.6660,0.7649,"{1: 0.941, 2: 0.352, 3: 0.778, 4: 0.754, 6: 1.0}",20,0.7000,0
Datensatz,ohne 2,ungesehen: 2,2,tips6pos,50,,12,0,10,2conv+wn,1-2-4-8,23749,2760,0.9018,0.8828,"{1: 0.999, 2: 0.898, 3: 0.835, 4: 0.791, 6: 0.892}",54,0.9259,1
Datensatz,ohne 2,bekannt (20%),,tips6pos,50,,12,1,10,2conv+wn,1-2-4-8,23749,1066,0.7533,0.7921,"{1: 0.936, 2: 0.718, 3: 0.572, 4: 0.734, 6: 1.0}",20,0.7000,0
Datensatz,ohne 2,ungesehen: 2,2,tips6pos,50,,12,1,10,2conv+wn,1-2-4-8,23749,2760,0.9217,0.8953,"{1: 0.993, 2: 0.944, 3: 0.717, 4: 0.963, 6: 0.858}",54,0.9259,1
Datensatz,ohne 2,bekannt (20%),,tips6pos,50,,12,2,10,2conv+wn,1-2-4-8,23749,1066,0.7674,0.8240,"{1: 0.932, 2: 0.656, 3: 0.822, 4: 0.71, 6: 1.0}",20,0.8000,0
Datensatz,ohne 2,ungesehen: 2,2,tips6pos,50,,12,2,10,2conv+wn,1-2-4-8,23749,2760,0.8645,0.8355,"{1: 0.966, 2: 0.916, 3: 0.848, 4: 0.597, 6: 0.85}",54,0.8148,1
Datensatz,ohne 2,bekannt (20%),,tips6pos,50,,12,3,10,2conv+wn,1-2-4-8,23749,1066,0.7111,0.7961,"{1: 0.936, 2: 0.452, 3: 0.822, 4: 0.77, 6: 1.0}",20,0.7500,0
Datensatz,ohne 2,ungesehen: 2,2,tips6pos,50,,12,3,10,2conv+wn,1-2-4-8,23749,2760,0.8547,0.7960,"{1: 0.993, 2: 0.897, 3: 0.883, 4: 0.532, 6: 0.675}",54,0.7222,1
Datensatz,ohne 2,bekannt (20%),,tips6pos,50,,12,4,10,2conv+wn,1-2-4-8,23749,1066,0.7861,0.8415,"{1: 0.932, 2: 0.669, 3: 0.872, 4: 0.734, 6: 1.0}",20,0.8000,0
Datensatz,ohne 2,ungesehen: 2,2,tips6pos,50,,12,4,10,2conv+wn,1-2-4-8,23749,2760,0.8768,0.8214,"{1: 0.997, 2: 0.954, 3: 0.857, 4: 0.567, 6: 0.733}",54,0.7963,1
Datensatz,ohne 2,bekannt (20%),,tips6pos,50,,12,5,10,2conv+wn,1-2-4-8,23749,1066,0.7880,0.8367,"{1: 0.932, 2: 0.71, 3: 0.828, 4: 0.714, 6: 1.0}",20,0.8000,0
Datensatz,ohne 2,ungesehen: 2,2,tips6pos,50,,12,5,10,2conv+wn,1-2-4-8,23749,2760,0.8670,0.8192,"{1: 0.993, 2: 0.937, 3: 0.872, 4: 0.519, 6: 0.775}",54,0.7407,1
Datensatz,ohne 2,bekannt (20%),,tips6pos,50,,12,6,10,2conv+wn,1-2-4-8,23749,1066,0.7139,0.8067,"{1: 0.932, 2: 0.43, 3: 0.933, 4: 0.738, 6: 1.0}",20,0.7000,0
Datensatz,ohne 2,ungesehen: 2,2,tips6pos,50,,12,6,10,2conv+wn,1-2-4-8,23749,2760,0.8507,0.7794,"{1: 0.996, 2: 0.883, 3: 0.959, 4: 0.476, 6: 0.583}",54,0.7222,1
Datensatz,ohne 2,bekannt (20%),,tips6pos,50,,12,7,10,2conv+wn,1-2-4-8,23749,1066,0.6623,0.7759,"{1: 0.932, 2: 0.304, 3: 0.95, 4: 0.694, 6: 1.0}",20,0.7000,0
Datensatz,ohne 2,ungesehen: 2,2,tips6pos,50,,12,7,10,2conv+wn,1-2-4-8,23749,2760,0.8598,0.8237,"{1: 0.993, 2: 0.869, 3: 0.933, 4: 0.532, 6: 0.792}",54,0.7778,1
Datensatz,ohne 2,bekannt (20%),,tips6pos,50,,12,8,10,2conv+wn,1-2-4-8,23749,1066,0.7214,0.7919,"{1: 0.932, 2: 0.527, 3: 0.722, 4: 0.778, 6: 1.0}",20,0.8500,0
Datensatz,ohne 2,ungesehen: 2,2,tips6pos,50,,12,8,10,2conv+wn,1-2-4-8,23749,2760,0.9062,0.8703,"{1: 1.0, 2: 0.931, 3: 0.774, 4: 0.838, 6: 0.808}",54,0.9630,1
Datensatz,ohne 2,bekannt (20%),,tips6pos,50,,12,9,10,2conv+wn,1-2-4-8,23749,1066,0.7364,0.8144,"{1: 0.928, 2: 0.516, 3: 0.878, 4: 0.75, 6: 1.0}",20,0.8000,0
Datensatz,ohne 2,ungesehen: 2,2,tips6pos,50,,12,9,10,2conv+wn,1-2-4-8,23749,2760,0.9022,0.8475,"{1: 0.983, 2: 0.932, 3: 0.804, 4: 0.851, 6: 0.667}",54,0.9444,1
Datensatz,ohne 2,bekannt (20%),,GCN,50,,12,0,10,2conv+wn,1-2-4-8,28613,1066,0.7298,0.8128,"{1: 0.932, 2: 0.473, 3: 0.872, 4: 0.786, 6: 1.0}",20,0.9500,0
Datensatz,ohne 2,ungesehen: 2,2,GCN,50,,12,0,10,2conv+wn,1-2-4-8,28613,2760,0.8101,0.6398,"{1: 0.983, 2: 0.923, 3: 0.4, 4: 0.892, 6: 0.0}",54,0.7222,1
Datensatz,ohne 2,bekannt (20%),,GCN,50,,12,1,10,2conv+wn,1-2-4-8,28613,1066,0.6726,0.7763,"{1: 0.936, 2: 0.325, 3: 0.833, 4: 0.786, 6: 1.0}",20,0.7500,0
Datensatz,ohne 2,ungesehen: 2,2,GCN,50,,12,1,10,2conv+wn,1-2-4-8,28613,2760,0.7812,0.6062,"{1: 0.98, 2: 0.936, 3: 0.222, 4: 0.877, 6: 0.017}",54,0.6852,1
Datensatz,ohne 2,bekannt (20%),,GCN,50,,12,2,10,2conv+wn,1-2-4-8,28613,1066,0.6707,0.7868,"{1: 0.932, 2: 0.282, 3: 0.978, 4: 0.742, 6: 1.0}",20,0.8000,0
Datensatz,ohne 2,ungesehen: 2,2,GCN,50,,12,2,10,2conv+wn,1-2-4-8,28613,2760,0.7355,0.5681,"{1: 0.953, 2: 0.911, 3: 0.241, 4: 0.668, 6: 0.067}",54,0.6111,1
Datensatz,ohne 2,bekannt (20%),,GCN,50,,12,3,10,2conv+wn,1-2-4-8,28613,1066,0.6679,0.7639,"{1: 0.945, 2: 0.403, 3: 0.822, 4: 0.649, 6: 1.0}",20,0.8000,0
Datensatz,ohne 2,ungesehen: 2,2,GCN,50,,12,3,10,2conv+wn,1-2-4-8,28613,2760,0.8051,0.6944,"{1: 0.994, 2: 0.917, 3: 0.385, 4: 0.759, 6: 0.417}",54,0.8333,1
Datensatz,ohne 2,bekannt (20%),,GCN,50,,12,4,10,2conv+wn,1-2-4-8,28613,1066,0.7148,0.7948,"{1: 0.932, 2: 0.508, 3: 0.844, 4: 0.69, 6: 1.0}",20,0.9000,0
Datensatz,ohne 2,ungesehen: 2,2,GCN,50,,12,4,10,2conv+wn,1-2-4-8,28613,2760,0.7888,0.6694,"{1: 0.959, 2: 0.931, 3: 0.226, 4: 0.881, 6: 0.35}",54,0.7407,1
Datensatz,ohne 2,bekannt (20%),,GCN,50,,12,5,10,2conv+wn,1-2-4-8,28613,1066,0.6173,0.7439,"{1: 0.936, 2: 0.212, 3: 0.906, 4: 0.665, 6: 1.0}",20,0.7500,0
Datensatz,ohne 2,ungesehen: 2,2,GCN,50,,12,5,10,2conv+wn,1-2-4-8,28613,2760,0.7953,0.6374,"{1: 0.984, 2: 0.898, 3: 0.648, 4: 0.582, 6: 0.075}",54,0.6667,1
Datensatz,ohne 2,bekannt (20%),,GCN,50,,12,6,10,2conv+wn,1-2-4-8,28613,1066,0.8236,0.8720,"{1: 0.924, 2: 0.72, 3: 0.933, 4: 0.782, 6: 1.0}",20,0.9500,0
Datensatz,ohne 2,ungesehen: 2,2,GCN,50,,12,6,10,2conv+wn,1-2-4-8,28613,2760,0.7902,0.6276,"{1: 0.966, 2: 0.933, 3: 0.413, 4: 0.759, 6: 0.067}",54,0.7407,1
Datensatz,ohne 2,bekannt (20%),,GCN,50,,12,7,10,2conv+wn,1-2-4-8,28613,1066,0.7008,0.7962,"{1: 0.936, 2: 0.414, 3: 0.917, 4: 0.714, 6: 1.0}",20,0.7500,0
Datensatz,ohne 2,ungesehen: 2,2,GCN,50,,12,7,10,2conv+wn,1-2-4-8,28613,2760,0.7493,0.5846,"{1: 0.966, 2: 0.911, 3: 0.361, 4: 0.601, 6: 0.083}",54,0.6667,1
Datensatz,ohne 2,bekannt (20%),,GCN,50,,12,8,10,2conv+wn,1-2-4-8,28613,1066,0.7289,0.8094,"{1: 0.928, 2: 0.538, 3: 0.944, 4: 0.637, 6: 1.0}",20,0.9500,0
Datensatz,ohne 2,ungesehen: 2,2,GCN,50,,12,8,10,2conv+wn,1-2-4-8,28613,2760,0.7478,0.5946,"{1: 0.971, 2: 0.917, 3: 0.276, 4: 0.634, 6: 0.175}",54,0.5926,1
Datensatz,ohne 2,bekannt (20%),,GCN,50,,12,9,10,2conv+wn,1-2-4-8,28613,1066,0.6867,0.7886,"{1: 0.941, 2: 0.363, 3: 0.906, 4: 0.734, 6: 1.0}",20,0.7500,0
Datensatz,ohne 2,ungesehen: 2,2,GCN,50,,12,9,10,2conv+wn,1-2-4-8,28613,2760,0.8264,0.7240,"{1: 0.982, 2: 0.954, 3: 0.485, 4: 0.733, 6: 0.467}",54,0.8148,1
Datensatz,ohne 2,bekannt (20%),,TCN->TCN,75,50,12,0,10,2conv+wn,1-2-4-8,67977,1048,0.8635,0.8874,"{1: 0.951, 2: 0.883, 3: 0.865, 4: 0.738, 6: 1.0}",20,0.9000,1
Datensatz,ohne 2,ungesehen: 2,2,TCN->TCN,75,50,12,0,10,2conv+wn,1-2-4-8,67977,2708,0.8844,0.8108,"{1: 0.979, 2: 0.906, 3: 0.939, 4: 0.713, 6: 0.517}",54,0.8889,1
Datensatz,ohne 2,bekannt (20%),,TCN->TCN,75,50,12,1,10,2conv+wn,1-2-4-8,67977,1048,0.8550,0.8711,"{1: 0.964, 2: 0.87, 3: 0.781, 4: 0.774, 6: 0.967}",20,0.9000,1
Datensatz,ohne 2,ungesehen: 2,2,TCN->TCN,75,50,12,1,10,2conv+wn,1-2-4-8,67977,2708,0.8815,0.8356,"{1: 0.986, 2: 0.752, 3: 0.976, 4: 0.905, 6: 0.558}",54,0.8519,1
Datensatz,ohne 2,bekannt (20%),,TCN->TCN,75,50,12,2,10,2conv+wn,1-2-4-8,67977,1048,0.8702,0.8898,"{1: 0.96, 2: 0.886, 3: 0.809, 4: 0.794, 6: 1.0}",20,0.9500,1
Datensatz,ohne 2,ungesehen: 2,2,TCN->TCN,75,50,12,2,10,2conv+wn,1-2-4-8,67977,2708,0.9099,0.8920,"{1: 0.994, 2: 0.852, 3: 0.982, 4: 0.806, 6: 0.825}",54,0.9444,1
Datensatz,ohne 2,bekannt (20%),,TCN->TCN,75,50,12,3,10,2conv+wn,1-2-4-8,67977,1048,0.8483,0.8826,"{1: 0.964, 2: 0.812, 3: 0.882, 4: 0.754, 6: 1.0}",20,0.8000,1
Datensatz,ohne 2,ungesehen: 2,2,TCN->TCN,75,50,12,3,10,2conv+wn,1-2-4-8,67977,2708,0.8549,0.7844,"{1: 0.995, 2: 0.728, 3: 0.961, 4: 0.83, 6: 0.408}",54,0.7778,1
Datensatz,ohne 2,bekannt (20%),,TCN->TCN,75,50,12,4,10,2conv+wn,1-2-4-8,67977,1048,0.8531,0.8775,"{1: 0.955, 2: 0.872, 3: 0.826, 4: 0.734, 6: 1.0}",20,0.9000,1
Datensatz,ohne 2,ungesehen: 2,2,TCN->TCN,75,50,12,4,10,2conv+wn,1-2-4-8,67977,2708,0.8936,0.8129,"{1: 0.993, 2: 0.883, 3: 0.958, 4: 0.78, 6: 0.45}",54,0.8333,1
Datensatz,ohne 2,bekannt (20%),,TCN->TCN,75,50,12,5,10,2conv+wn,1-2-4-8,67977,1048,0.8597,0.8840,"{1: 0.96, 2: 0.867, 3: 0.831, 4: 0.762, 6: 1.0}",20,0.9000,1
Datensatz,ohne 2,ungesehen: 2,2,TCN->TCN,75,50,12,5,10,2conv+wn,1-2-4-8,67977,2708,0.8962,0.8344,"{1: 0.991, 2: 0.829, 3: 0.98, 4: 0.856, 6: 0.517}",54,0.8519,1
Datensatz,ohne 2,bekannt (20%),,TCN->TCN,75,50,12,6,10,2conv+wn,1-2-4-8,67977,1048,0.8282,0.8664,"{1: 0.969, 2: 0.829, 3: 0.921, 4: 0.613, 6: 1.0}",20,0.8000,1
Datensatz,ohne 2,ungesehen: 2,2,TCN->TCN,75,50,12,6,10,2conv+wn,1-2-4-8,67977,2708,0.8080,0.7973,"{1: 0.992, 2: 0.644, 3: 0.996, 4: 0.58, 6: 0.775}",54,0.7778,1
Datensatz,ohne 2,bekannt (20%),,TCN->TCN,75,50,12,7,10,2conv+wn,1-2-4-8,67977,1048,0.8616,0.8832,"{1: 0.951, 2: 0.897, 3: 0.843, 4: 0.726, 6: 1.0}",20,0.9000,1
Datensatz,ohne 2,ungesehen: 2,2,TCN->TCN,75,50,12,7,10,2conv+wn,1-2-4-8,67977,2708,0.8996,0.8804,"{1: 0.989, 2: 0.855, 3: 0.991, 4: 0.741, 6: 0.825}",54,0.9444,1
Datensatz,ohne 2,bekannt (20%),,TCN->TCN,75,50,12,8,10,2conv+wn,1-2-4-8,67977,1048,0.8588,0.8847,"{1: 0.969, 2: 0.883, 3: 0.882, 4: 0.69, 6: 1.0}",20,0.9000,1
Datensatz,ohne 2,ungesehen: 2,2,TCN->TCN,75,50,12,8,10,2conv+wn,1-2-4-8,67977,2708,0.7932,0.7959,"{1: 0.998, 2: 0.555, 3: 0.963, 4: 0.664, 6: 0.8}",54,0.8333,1
Datensatz,ohne 2,bekannt (20%),,TCN->TCN,75,50,12,9,10,2conv+wn,1-2-4-8,67977,1048,0.8798,0.8958,"{1: 0.96, 2: 0.91, 3: 0.815, 4: 0.794, 6: 1.0}",20,0.9000,1
Datensatz,ohne 2,ungesehen: 2,2,TCN->TCN,75,50,12,9,10,2conv+wn,1-2-4-8,67977,2708,0.9084,0.8759,"{1: 0.991, 2: 0.836, 3: 0.967, 4: 0.877, 6: 0.708}",54,0.9259,1
Datensatz,ohne 2,bekannt (20%),,GCN->TCN,75,50,12,0,10,2conv+wn,1-2-4-8,79753,1048,0.8349,0.8383,"{1: 0.964, 2: 0.861, 3: 0.798, 4: 0.702, 6: 0.867}",20,0.9000,2
Datensatz,ohne 2,ungesehen: 2,2,GCN->TCN,75,50,12,0,10,2conv+wn,1-2-4-8,79753,2708,0.7758,0.6921,"{1: 0.894, 2: 0.857, 3: 0.529, 4: 0.748, 6: 0.433}",54,0.7407,2
Datensatz,ohne 2,bekannt (20%),,GCN->TCN,75,50,12,1,10,2conv+wn,1-2-4-8,79753,1048,0.8740,0.8924,"{1: 0.96, 2: 0.916, 3: 0.848, 4: 0.738, 6: 1.0}",20,0.9000,2
Datensatz,ohne 2,ungesehen: 2,2,GCN->TCN,75,50,12,1,10,2conv+wn,1-2-4-8,79753,2708,0.8323,0.7791,"{1: 0.981, 2: 0.815, 3: 0.496, 4: 0.97, 6: 0.633}",54,0.8148,2
Datensatz,ohne 2,bekannt (20%),,GCN->TCN,75,50,12,2,10,2conv+wn,1-2-4-8,79753,1048,0.8397,0.8738,"{1: 0.96, 2: 0.853, 3: 0.927, 4: 0.629, 6: 1.0}",20,0.9000,2
Datensatz,ohne 2,ungesehen: 2,2,GCN->TCN,75,50,12,2,10,2conv+wn,1-2-4-8,79753,2708,0.7452,0.7128,"{1: 0.947, 2: 0.672, 3: 0.761, 4: 0.5, 6: 0.683}",54,0.6667,2
Datensatz,ohne 2,bekannt (20%),,GCN->TCN,75,50,12,3,10,2conv+wn,1-2-4-8,79753,1048,0.8607,0.8891,"{1: 0.955, 2: 0.861, 3: 0.899, 4: 0.73, 6: 1.0}",20,0.9500,2
Datensatz,ohne 2,ungesehen: 2,2,GCN->TCN,75,50,12,3,10,2conv+wn,1-2-4-8,79753,2708,0.7363,0.6426,"{1: 0.951, 2: 0.654, 3: 0.686, 4: 0.655, 6: 0.267}",54,0.6111,2
Datensatz,ohne 2,bekannt (20%),,GCN->TCN,75,50,12,4,10,2conv+wn,1-2-4-8,79753,1048,0.8635,0.8739,"{1: 0.96, 2: 0.91, 3: 0.876, 4: 0.69, 6: 0.933}",20,0.9000,2
Datensatz,ohne 2,ungesehen: 2,2,GCN->TCN,75,50,12,4,10,2conv+wn,1-2-4-8,79753,2708,0.7984,0.7188,"{1: 0.975, 2: 0.813, 3: 0.586, 4: 0.737, 6: 0.483}",54,0.7222,2
Datensatz,ohne 2,bekannt (20%),,GCN->TCN,75,50,12,5,10,2conv+wn,1-2-4-8,79753,1048,0.8674,0.8919,"{1: 0.964, 2: 0.883, 3: 0.882, 4: 0.73, 6: 1.0}",20,0.9000,2
Datensatz,ohne 2,ungesehen: 2,2,GCN->TCN,75,50,12,5,10,2conv+wn,1-2-4-8,79753,2708,0.8434,0.7571,"{1: 0.989, 2: 0.837, 3: 0.711, 4: 0.823, 6: 0.425}",54,0.8333,2
Datensatz,ohne 2,bekannt (20%),,GCN->TCN,75,50,12,6,10,2conv+wn,1-2-4-8,79753,1048,0.8626,0.8878,"{1: 0.955, 2: 0.891, 3: 0.899, 4: 0.694, 6: 1.0}",20,0.9500,2
Datensatz,ohne 2,ungesehen: 2,2,GCN->TCN,75,50,12,6,10,2conv+wn,1-2-4-8,79753,2708,0.8305,0.7971,"{1: 0.991, 2: 0.833, 3: 0.739, 4: 0.631, 6: 0.792}",54,0.8889,2
Datensatz,ohne 2,bekannt (20%),,GCN->TCN,75,50,12,7,10,2conv+wn,1-2-4-8,79753,1048,0.8626,0.8842,"{1: 0.964, 2: 0.894, 3: 0.837, 4: 0.726, 6: 1.0}",20,0.9500,2
Datensatz,ohne 2,ungesehen: 2,2,GCN->TCN,75,50,12,7,10,2conv+wn,1-2-4-8,79753,2708,0.8150,0.7548,"{1: 0.975, 2: 0.871, 3: 0.386, 4: 0.884, 6: 0.658}",54,0.8333,2
Datensatz,ohne 2,bekannt (20%),,GCN->TCN,75,50,12,8,10,2conv+wn,1-2-4-8,79753,1048,0.8511,0.8813,"{1: 0.973, 2: 0.84, 3: 0.86, 4: 0.734, 6: 1.0}",20,0.9000,2
Datensatz,ohne 2,ungesehen: 2,2,GCN->TCN,75,50,12,8,10,2conv+wn,1-2-4-8,79753,2708,0.8501,0.8182,"{1: 0.992, 2: 0.814, 3: 0.583, 4: 0.935, 6: 0.767}",54,0.8889,2
Datensatz,ohne 2,bekannt (20%),,GCN->TCN,75,50,12,9,10,2conv+wn,1-2-4-8,79753,1048,0.8464,0.8567,"{1: 0.96, 2: 0.861, 3: 0.848, 4: 0.714, 6: 0.9}",20,0.9500,2
Datensatz,ohne 2,ungesehen: 2,2,GCN->TCN,75,50,12,9,10,2conv+wn,1-2-4-8,79753,2708,0.7592,0.6544,"{1: 0.898, 2: 0.844, 3: 0.581, 4: 0.649, 6: 0.3}",54,0.7222,2
Datensatz,ohne 1,bekannt (20%),,voll12,50,,12,0,10,2conv+wn,1-2-4-8,23749,452,0.9823,0.9842,"{1: 1.0, 2: 1.0, 3: 0.962, 4: 0.96, 6: 1.0}",12,1.0000,0
Datensatz,ohne 1,ungesehen: 1,1,voll12,50,,12,0,10,2conv+wn,1-2-4-8,23749,6632,0.7226,0.8016,"{1: 0.946, 2: 0.967, 3: 0.373, 4: 0.722, 6: 1.0}",100,0.7800,2
Datensatz,ohne 1,bekannt (20%),,voll12,50,,12,1,10,2conv+wn,1-2-4-8,23749,452,0.9779,0.9415,"{1: 1.0, 2: 1.0, 3: 0.974, 4: 1.0, 6: 0.733}",12,1.0000,0
Datensatz,ohne 1,ungesehen: 1,1,voll12,50,,12,1,10,2conv+wn,1-2-4-8,23749,6632,0.7539,0.8282,"{1: 0.947, 2: 0.96, 3: 0.373, 4: 0.86, 6: 1.0}",100,0.8200,2
Datensatz,ohne 1,bekannt (20%),,voll12,50,,12,2,10,2conv+wn,1-2-4-8,23749,452,0.9668,0.9657,"{1: 1.0, 2: 1.0, 3: 1.0, 4: 0.895, 6: 0.933}",12,1.0000,0
Datensatz,ohne 1,ungesehen: 1,1,voll12,50,,12,2,10,2conv+wn,1-2-4-8,23749,6632,0.7783,0.8409,"{1: 0.924, 2: 0.947, 3: 0.481, 4: 0.853, 6: 1.0}",100,0.8100,2
Datensatz,ohne 1,bekannt (20%),,voll12,50,,12,3,10,2conv+wn,1-2-4-8,23749,452,0.9823,0.9609,"{1: 1.0, 2: 1.0, 3: 0.987, 4: 0.984, 6: 0.833}",12,1.0000,0
Datensatz,ohne 1,ungesehen: 1,1,voll12,50,,12,3,10,2conv+wn,1-2-4-8,23749,6632,0.7688,0.8368,"{1: 0.948, 2: 0.954, 3: 0.445, 4: 0.837, 6: 1.0}",100,0.7900,2
Datensatz,ohne 1,bekannt (20%),,voll12,50,,12,4,10,2conv+wn,1-2-4-8,23749,452,0.9801,0.9845,"{1: 1.0, 2: 1.0, 3: 0.987, 4: 0.935, 6: 1.0}",12,1.0000,0
Datensatz,ohne 1,ungesehen: 1,1,voll12,50,,12,4,10,2conv+wn,1-2-4-8,23749,6632,0.7064,0.7900,"{1: 0.962, 2: 0.954, 3: 0.374, 4: 0.66, 6: 1.0}",100,0.7300,2
Datensatz,ohne 1,bekannt (20%),,voll12,50,,12,5,10,2conv+wn,1-2-4-8,23749,452,0.9779,0.9728,"{1: 1.0, 2: 1.0, 3: 0.987, 4: 0.944, 6: 0.933}",12,1.0000,0
Datensatz,ohne 1,ungesehen: 1,1,voll12,50,,12,5,10,2conv+wn,1-2-4-8,23749,6632,0.7502,0.8241,"{1: 0.963, 2: 0.88, 3: 0.47, 4: 0.808, 6: 1.0}",100,0.7800,2
Datensatz,ohne 1,bekannt (20%),,voll12,50,,12,6,10,2conv+wn,1-2-4-8,23749,452,0.9757,0.9794,"{1: 1.0, 2: 1.0, 3: 0.962, 4: 0.935, 6: 1.0}",12,1.0000,0
Datensatz,ohne 1,ungesehen: 1,1,voll12,50,,12,6,10,2conv+wn,1-2-4-8,23749,6632,0.7304,0.8090,"{1: 0.95, 2: 0.966, 3: 0.365, 4: 0.764, 6: 1.0}",100,0.8000,2
Datensatz,ohne 1,bekannt (20%),,voll12,50,,12,7,10,2conv+wn,1-2-4-8,23749,452,0.9646,0.9742,"{1: 1.0, 2: 1.0, 3: 1.0, 4: 0.871, 6: 1.0}",12,1.0000,0
Datensatz,ohne 1,ungesehen: 1,1,voll12,50,,12,7,10,2conv+wn,1-2-4-8,23749,6632,0.7793,0.8418,"{1: 0.937, 2: 0.964, 3: 0.485, 4: 0.822, 6: 1.0}",100,0.8100,2
Datensatz,ohne 1,bekannt (20%),,voll12,50,,12,8,10,2conv+wn,1-2-4-8,23749,452,0.9425,0.9581,"{1: 1.0, 2: 1.0, 3: 1.0, 4: 0.79, 6: 1.0}",12,1.0000,0
Datensatz,ohne 1,ungesehen: 1,1,voll12,50,,12,8,10,2conv+wn,1-2-4-8,23749,6632,0.7750,0.8396,"{1: 0.95, 2: 0.943, 3: 0.498, 4: 0.807, 6: 1.0}",100,0.7900,2
Datensatz,ohne 1,bekannt (20%),,voll12,50,,12,9,10,2conv+wn,1-2-4-8,23749,452,0.9823,0.9751,"{1: 1.0, 2: 1.0, 3: 0.974, 4: 0.968, 6: 0.933}",12,1.0000,0
Datensatz,ohne 1,ungesehen: 1,1,voll12,50,,12,9,10,2conv+wn,1-2-4-8,23749,6632,0.7618,0.8303,"{1: 0.946, 2: 0.958, 3: 0.448, 4: 0.8, 6: 1.0}",100,0.7900,2
Datensatz,ohne 1,bekannt (20%),,pos4,50,,12,0,10,2conv+wn,1-2-4-8,22725,452,0.9956,0.9949,"{1: 1.0, 2: 1.0, 3: 0.974, 4: 1.0, 6: 1.0}",12,1.0000,0
Datensatz,ohne 1,ungesehen: 1,1,pos4,50,,12,0,10,2conv+wn,1-2-4-8,22725,6632,0.6829,0.7720,"{1: 0.963, 2: 0.847, 3: 0.424, 4: 0.625, 6: 1.0}",100,0.7100,1
Datensatz,ohne 1,bekannt (20%),,pos4,50,,12,1,10,2conv+wn,1-2-4-8,22725,452,0.9845,0.9675,"{1: 1.0, 2: 1.0, 3: 0.987, 4: 0.984, 6: 0.867}",12,1.0000,0
Datensatz,ohne 1,ungesehen: 1,1,pos4,50,,12,1,10,2conv+wn,1-2-4-8,22725,6632,0.7568,0.8295,"{1: 0.959, 2: 0.951, 3: 0.416, 4: 0.822, 6: 1.0}",100,0.7900,1
Datensatz,ohne 1,bekannt (20%),,pos4,50,,12,2,10,2conv+wn,1-2-4-8,22725,452,0.9757,0.9722,"{1: 1.0, 2: 1.0, 3: 1.0, 4: 0.927, 6: 0.933}",12,1.0000,0
Datensatz,ohne 1,ungesehen: 1,1,pos4,50,,12,2,10,2conv+wn,1-2-4-8,22725,6632,0.7563,0.8288,"{1: 0.957, 2: 0.944, 3: 0.422, 4: 0.821, 6: 1.0}",100,0.8000,1
Datensatz,ohne 1,bekannt (20%),,pos4,50,,12,3,10,2conv+wn,1-2-4-8,22725,452,0.9336,0.9507,"{1: 1.0, 2: 1.0, 3: 0.987, 4: 0.766, 6: 1.0}",12,1.0000,0
Datensatz,ohne 1,ungesehen: 1,1,pos4,50,,12,3,10,2conv+wn,1-2-4-8,22725,6632,0.7431,0.8164,"{1: 0.952, 2: 0.905, 3: 0.466, 4: 0.759, 6: 1.0}",100,0.7800,1
Datensatz,ohne 1,bekannt (20%),,pos4,50,,12,4,10,2conv+wn,1-2-4-8,22725,452,0.9845,0.9615,"{1: 1.0, 2: 1.0, 3: 0.974, 4: 1.0, 6: 0.833}",12,1.0000,0
Datensatz,ohne 1,ungesehen: 1,1,pos4,50,,12,4,10,2conv+wn,1-2-4-8,22725,6632,0.7423,0.8209,"{1: 0.956, 2: 0.894, 3: 0.391, 4: 0.864, 6: 1.0}",100,0.8000,1
Datensatz,ohne 1,bekannt (20%),,pos4,50,,12,5,10,2conv+wn,1-2-4-8,22725,452,0.9513,0.9525,"{1: 1.0, 2: 1.0, 3: 0.974, 4: 0.855, 6: 0.933}",12,1.0000,0
Datensatz,ohne 1,ungesehen: 1,1,pos4,50,,12,5,10,2conv+wn,1-2-4-8,22725,6632,0.7817,0.8430,"{1: 0.929, 2: 0.958, 3: 0.492, 4: 0.837, 6: 1.0}",100,0.8100,1
Datensatz,ohne 1,bekannt (20%),,pos4,50,,12,6,10,2conv+wn,1-2-4-8,22725,452,0.9491,0.9629,"{1: 1.0, 2: 1.0, 3: 1.0, 4: 0.815, 6: 1.0}",12,1.0000,0
Datensatz,ohne 1,ungesehen: 1,1,pos4,50,,12,6,10,2conv+wn,1-2-4-8,22725,6632,0.7141,0.7970,"{1: 0.972, 2: 0.902, 3: 0.415, 4: 0.696, 6: 1.0}",100,0.7600,1
Datensatz,ohne 1,bekannt (20%),,pos4,50,,12,7,10,2conv+wn,1-2-4-8,22725,452,0.9137,0.9251,"{1: 1.0, 2: 1.0, 3: 0.974, 4: 0.718, 6: 0.933}",12,1.0000,0
Datensatz,ohne 1,ungesehen: 1,1,pos4,50,,12,7,10,2conv+wn,1-2-4-8,22725,6632,0.7462,0.8193,"{1: 0.968, 2: 0.929, 3: 0.467, 4: 0.734, 6: 1.0}",100,0.7900,1
Datensatz,ohne 1,bekannt (20%),,pos4,50,,12,8,10,2conv+wn,1-2-4-8,22725,452,0.9823,0.9609,"{1: 1.0, 2: 1.0, 3: 0.987, 4: 0.984, 6: 0.833}",12,1.0000,0
Datensatz,ohne 1,ungesehen: 1,1,pos4,50,,12,8,10,2conv+wn,1-2-4-8,22725,6632,0.7606,0.8313,"{1: 0.953, 2: 0.914, 3: 0.457, 4: 0.832, 6: 1.0}",100,0.7900,1
Datensatz,ohne 1,bekannt (20%),,pos4,50,,12,9,10,2conv+wn,1-2-4-8,22725,452,0.9889,0.9749,"{1: 1.0, 2: 1.0, 3: 0.974, 4: 1.0, 6: 0.9}",12,1.0000,0
Datensatz,ohne 1,ungesehen: 1,1,pos4,50,,12,9,10,2conv+wn,1-2-4-8,22725,6632,0.7345,0.8149,"{1: 0.961, 2: 0.944, 3: 0.354, 4: 0.815, 6: 1.0}",100,0.8000,1
Datensatz,ohne 1,bekannt (20%),,tips6pos,50,,12,0,10,2conv+wn,1-2-4-8,23749,452,0.9801,0.9836,"{1: 1.0, 2: 1.0, 3: 0.974, 4: 0.944, 6: 1.0}",12,1.0000,0
Datensatz,ohne 1,ungesehen: 1,1,tips6pos,50,,12,0,10,2conv+wn,1-2-4-8,23749,6632,0.7456,0.8191,"{1: 0.96, 2: 0.959, 3: 0.429, 4: 0.748, 6: 1.0}",100,0.7800,3
Datensatz,ohne 1,bekannt (20%),,tips6pos,50,,12,1,10,2conv+wn,1-2-4-8,23749,452,0.9934,0.9923,"{1: 1.0, 2: 1.0, 3: 0.962, 4: 1.0, 6: 1.0}",12,1.0000,0
Datensatz,ohne 1,ungesehen: 1,1,tips6pos,50,,12,1,10,2conv+wn,1-2-4-8,23749,6632,0.7498,0.8247,"{1: 0.956, 2: 0.947, 3: 0.396, 4: 0.824, 6: 1.0}",100,0.8100,3
Datensatz,ohne 1,bekannt (20%),,tips6pos,50,,12,2,10,2conv+wn,1-2-4-8,23749,452,0.9513,0.9645,"{1: 1.0, 2: 1.0, 3: 1.0, 4: 0.823, 6: 1.0}",12,1.0000,0
Datensatz,ohne 1,ungesehen: 1,1,tips6pos,50,,12,2,10,2conv+wn,1-2-4-8,23749,6632,0.7740,0.8376,"{1: 0.938, 2: 0.961, 3: 0.486, 4: 0.803, 6: 1.0}",100,0.8000,3
Datensatz,ohne 1,bekannt (20%),,tips6pos,50,,12,3,10,2conv+wn,1-2-4-8,23749,452,1.0000,1.0000,"{1: 1.0, 2: 1.0, 3: 1.0, 4: 1.0, 6: 1.0}",12,1.0000,0
Datensatz,ohne 1,ungesehen: 1,1,tips6pos,50,,12,3,10,2conv+wn,1-2-4-8,23749,6632,0.7764,0.8422,"{1: 0.957, 2: 0.966, 3: 0.464, 4: 0.824, 6: 1.0}",100,0.7900,3
Datensatz,ohne 1,bekannt (20%),,tips6pos,50,,12,4,10,2conv+wn,1-2-4-8,23749,452,0.9912,0.9815,"{1: 1.0, 2: 1.0, 3: 0.974, 4: 1.0, 6: 0.933}",12,1.0000,0
Datensatz,ohne 1,ungesehen: 1,1,tips6pos,50,,12,4,10,2conv+wn,1-2-4-8,23749,6632,0.7675,0.8384,"{1: 0.957, 2: 0.954, 3: 0.41, 4: 0.872, 6: 1.0}",100,0.8200,3
Datensatz,ohne 1,bekannt (20%),,tips6pos,50,,12,5,10,2conv+wn,1-2-4-8,23749,452,0.9779,0.9728,"{1: 1.0, 2: 1.0, 3: 0.987, 4: 0.944, 6: 0.933}",12,1.0000,0
Datensatz,ohne 1,ungesehen: 1,1,tips6pos,50,,12,5,10,2conv+wn,1-2-4-8,23749,6632,0.7868,0.8509,"{1: 0.962, 2: 0.936, 3: 0.493, 4: 0.863, 6: 1.0}",100,0.8100,3
Datensatz,ohne 1,bekannt (20%),,tips6pos,50,,12,6,10,2conv+wn,1-2-4-8,23749,452,0.9845,0.9878,"{1: 1.0, 2: 1.0, 3: 0.987, 4: 0.952, 6: 1.0}",12,1.0000,0
Datensatz,ohne 1,ungesehen: 1,1,tips6pos,50,,12,6,10,2conv+wn,1-2-4-8,23749,6632,0.7820,0.8470,"{1: 0.953, 2: 0.963, 3: 0.46, 4: 0.859, 6: 1.0}",100,0.8200,3
Datensatz,ohne 1,bekannt (20%),,tips6pos,50,,12,7,10,2conv+wn,1-2-4-8,23749,452,0.9845,0.9878,"{1: 1.0, 2: 1.0, 3: 0.987, 4: 0.952, 6: 1.0}",12,1.0000,0
Datensatz,ohne 1,ungesehen: 1,1,tips6pos,50,,12,7,10,2conv+wn,1-2-4-8,23749,6632,0.7477,0.8184,"{1: 0.942, 2: 0.922, 3: 0.473, 4: 0.756, 6: 1.0}",100,0.7800,3
Datensatz,ohne 1,bekannt (20%),,tips6pos,50,,12,8,10,2conv+wn,1-2-4-8,23749,452,0.9823,0.9871,"{1: 1.0, 2: 1.0, 3: 1.0, 4: 0.935, 6: 1.0}",12,1.0000,0
Datensatz,ohne 1,ungesehen: 1,1,tips6pos,50,,12,8,10,2conv+wn,1-2-4-8,23749,6632,0.7263,0.8032,"{1: 0.942, 2: 0.879, 3: 0.456, 4: 0.74, 6: 1.0}",100,0.7900,2
Datensatz,ohne 1,bekannt (20%),,tips6pos,50,,12,9,10,2conv+wn,1-2-4-8,23749,452,0.9867,0.9894,"{1: 1.0, 2: 1.0, 3: 0.987, 4: 0.96, 6: 1.0}",12,1.0000,0
Datensatz,ohne 1,ungesehen: 1,1,tips6pos,50,,12,9,10,2conv+wn,1-2-4-8,23749,6632,0.7241,0.8035,"{1: 0.948, 2: 0.939, 3: 0.384, 4: 0.746, 6: 1.0}",100,0.7800,3
Datensatz,ohne 1,bekannt (20%),,GCN,50,,12,0,10,2conv+wn,1-2-4-8,28613,452,0.8894,0.9124,"{1: 1.0, 2: 1.0, 3: 0.974, 4: 0.621, 6: 0.967}",12,1.0000,0
Datensatz,ohne 1,ungesehen: 1,1,GCN,50,,12,0,10,2conv+wn,1-2-4-8,28613,6632,0.7533,0.7840,"{1: 0.943, 2: 0.884, 3: 0.445, 4: 0.881, 6: 0.767}",100,0.7900,2
Datensatz,ohne 1,bekannt (20%),,GCN,50,,12,1,10,2conv+wn,1-2-4-8,28613,452,0.9181,0.9223,"{1: 1.0, 2: 1.0, 3: 0.962, 4: 0.75, 6: 0.9}",12,1.0000,0
Datensatz,ohne 1,ungesehen: 1,1,GCN,50,,12,1,10,2conv+wn,1-2-4-8,28613,6632,0.6960,0.6196,"{1: 0.944, 2: 0.958, 3: 0.198, 4: 0.938, 6: 0.06}",100,0.6800,2
Datensatz,ohne 1,bekannt (20%),,GCN,50,,12,2,10,2conv+wn,1-2-4-8,28613,452,0.8938,0.9055,"{1: 1.0, 2: 1.0, 3: 0.974, 4: 0.653, 6: 0.9}",12,0.9167,0
Datensatz,ohne 1,ungesehen: 1,1,GCN,50,,12,2,10,2conv+wn,1-2-4-8,28613,6632,0.6684,0.6478,"{1: 0.956, 2: 0.892, 3: 0.169, 4: 0.909, 6: 0.313}",100,0.6800,2
Datensatz,ohne 1,bekannt (20%),,GCN,50,,12,3,10,2conv+wn,1-2-4-8,28613,452,0.9867,0.9764,"{1: 1.0, 2: 1.0, 3: 0.949, 4: 1.0, 6: 0.933}",12,1.0000,0
Datensatz,ohne 1,ungesehen: 1,1,GCN,50,,12,3,10,2conv+wn,1-2-4-8,28613,6632,0.5921,0.5676,"{1: 0.964, 2: 0.736, 3: 0.058, 4: 0.933, 6: 0.147}",100,0.6100,2
Datensatz,ohne 1,bekannt (20%),,GCN,50,,12,4,10,2conv+wn,1-2-4-8,28613,452,0.9049,0.9126,"{1: 1.0, 2: 1.0, 3: 0.962, 4: 0.702, 6: 0.9}",12,1.0000,0
Datensatz,ohne 1,ungesehen: 1,1,GCN,50,,12,4,10,2conv+wn,1-2-4-8,28613,6632,0.7109,0.6799,"{1: 0.939, 2: 0.867, 3: 0.347, 4: 0.893, 6: 0.353}",100,0.7200,2
Datensatz,ohne 1,bekannt (20%),,GCN,50,,12,5,10,2conv+wn,1-2-4-8,28613,452,0.9004,0.9224,"{1: 1.0, 2: 1.0, 3: 1.0, 4: 0.645, 6: 0.967}",12,1.0000,0
Datensatz,ohne 1,ungesehen: 1,1,GCN,50,,12,5,10,2conv+wn,1-2-4-8,28613,6632,0.6829,0.6404,"{1: 0.945, 2: 0.914, 3: 0.204, 4: 0.912, 6: 0.227}",100,0.6400,2
Datensatz,ohne 1,bekannt (20%),,GCN,50,,12,6,10,2conv+wn,1-2-4-8,28613,452,0.8717,0.8894,"{1: 1.0, 2: 1.0, 3: 0.974, 4: 0.573, 6: 0.9}",12,0.8333,0
Datensatz,ohne 1,ungesehen: 1,1,GCN,50,,12,6,10,2conv+wn,1-2-4-8,28613,6632,0.7710,0.7615,"{1: 0.956, 2: 0.928, 3: 0.45, 4: 0.907, 6: 0.567}",100,0.7600,2
Datensatz,ohne 1,bekannt (20%),,GCN,50,,12,7,10,2conv+wn,1-2-4-8,28613,452,0.9159,0.9216,"{1: 1.0, 2: 1.0, 3: 0.974, 4: 0.734, 6: 0.9}",12,1.0000,0
Datensatz,ohne 1,ungesehen: 1,1,GCN,50,,12,7,10,2conv+wn,1-2-4-8,28613,6632,0.6918,0.6696,"{1: 0.936, 2: 0.86, 3: 0.272, 4: 0.92, 6: 0.36}",100,0.7000,2
Datensatz,ohne 1,bekannt (20%),,GCN,50,,12,8,10,2conv+wn,1-2-4-8,28613,452,0.9425,0.9422,"{1: 1.0, 2: 1.0, 3: 0.923, 4: 0.855, 6: 0.933}",12,1.0000,0
Datensatz,ohne 1,ungesehen: 1,1,GCN,50,,12,8,10,2conv+wn,1-2-4-8,28613,6632,0.6763,0.6353,"{1: 0.957, 2: 0.787, 3: 0.283, 4: 0.93, 6: 0.22}",100,0.6700,2
Datensatz,ohne 1,bekannt (20%),,GCN,50,,12,9,10,2conv+wn,1-2-4-8,28613,452,0.8827,0.9025,"{1: 1.0, 2: 1.0, 3: 0.974, 4: 0.605, 6: 0.933}",12,0.9167,0
Datensatz,ohne 1,ungesehen: 1,1,GCN,50,,12,9,10,2conv+wn,1-2-4-8,28613,6632,0.7281,0.6520,"{1: 0.94, 2: 0.941, 3: 0.338, 4: 0.907, 6: 0.133}",100,0.7300,2
Datensatz,ohne 1,bekannt (20%),,TCN->TCN,75,50,12,0,10,2conv+wn,1-2-4-8,67977,440,0.9750,0.9775,"{1: 1.0, 2: 1.0, 3: 0.936, 4: 0.952, 6: 1.0}",12,1.0000,1
Datensatz,ohne 1,ungesehen: 1,1,TCN->TCN,75,50,12,0,10,2conv+wn,1-2-4-8,67977,6568,0.7686,0.8371,"{1: 0.969, 2: 0.933, 3: 0.459, 4: 0.838, 6: 0.987}",100,0.8200,2
Datensatz,ohne 1,bekannt (20%),,TCN->TCN,75,50,12,1,10,2conv+wn,1-2-4-8,67977,440,0.9477,0.9591,"{1: 1.0, 2: 1.0, 3: 0.949, 4: 0.847, 6: 1.0}",12,1.0000,1
Datensatz,ohne 1,ungesehen: 1,1,TCN->TCN,75,50,12,1,10,2conv+wn,1-2-4-8,67977,6568,0.8287,0.8742,"{1: 0.956, 2: 0.939, 3: 0.634, 4: 0.863, 6: 0.98}",100,0.8600,2
Datensatz,ohne 1,bekannt (20%),,TCN->TCN,75,50,12,2,10,2conv+wn,1-2-4-8,67977,440,0.9159,0.9365,"{1: 1.0, 2: 1.0, 3: 0.949, 4: 0.734, 6: 1.0}",12,1.0000,1
Datensatz,ohne 1,ungesehen: 1,1,TCN->TCN,75,50,12,2,10,2conv+wn,1-2-4-8,67977,6568,0.7919,0.8538,"{1: 0.952, 2: 0.964, 3: 0.497, 4: 0.856, 6: 1.0}",100,0.8300,2
Datensatz,ohne 1,bekannt (20%),,TCN->TCN,75,50,12,3,10,2conv+wn,1-2-4-8,67977,440,0.9068,0.8997,"{1: 1.0, 2: 1.0, 3: 0.949, 4: 0.75, 6: 0.8}",12,1.0000,1
Datensatz,ohne 1,ungesehen: 1,1,TCN->TCN,75,50,12,3,10,2conv+wn,1-2-4-8,67977,6568,0.8850,0.8380,"{1: 0.963, 2: 0.965, 3: 0.807, 4: 0.876, 6: 0.58}",100,0.8600,2
Datensatz,ohne 1,bekannt (20%),,TCN->TCN,75,50,12,4,10,2conv+wn,1-2-4-8,67977,440,0.9068,0.9231,"{1: 1.0, 2: 1.0, 3: 0.923, 4: 0.726, 6: 0.967}",12,0.8333,2
Datensatz,ohne 1,ungesehen: 1,1,TCN->TCN,75,50,12,4,10,2conv+wn,1-2-4-8,67977,6568,0.8299,0.8797,"{1: 0.975, 2: 0.955, 3: 0.615, 4: 0.86, 6: 0.993}",100,0.8400,2
Datensatz,ohne 1,bekannt (20%),,TCN->TCN,75,50,12,5,10,2conv+wn,1-2-4-8,67977,440,0.9909,0.9897,"{1: 1.0, 2: 1.0, 3: 0.949, 4: 1.0, 6: 1.0}",12,1.0000,1
Datensatz,ohne 1,ungesehen: 1,1,TCN->TCN,75,50,12,5,10,2conv+wn,1-2-4-8,67977,6568,0.7704,0.8398,"{1: 0.959, 2: 0.964, 3: 0.4, 4: 0.89, 6: 0.987}",100,0.8400,2
Datensatz,ohne 1,bekannt (20%),,TCN->TCN,75,50,12,6,10,2conv+wn,1-2-4-8,67977,440,0.9818,0.9732,"{1: 1.0, 2: 1.0, 3: 0.949, 4: 0.984, 6: 0.933}",12,1.0000,1
Datensatz,ohne 1,ungesehen: 1,1,TCN->TCN,75,50,12,6,10,2conv+wn,1-2-4-8,67977,6568,0.7812,0.8471,"{1: 0.976, 2: 0.967, 3: 0.452, 4: 0.854, 6: 0.987}",100,0.8300,2
Datensatz,ohne 1,bekannt (20%),,TCN->TCN,75,50,12,7,10,2conv+wn,1-2-4-8,67977,440,0.9841,0.9849,"{1: 1.0, 2: 1.0, 3: 0.949, 4: 0.976, 6: 1.0}",12,1.0000,1
Datensatz,ohne 1,ungesehen: 1,1,TCN->TCN,75,50,12,7,10,2conv+wn,1-2-4-8,67977,6568,0.7937,0.8561,"{1: 0.969, 2: 0.967, 3: 0.487, 4: 0.863, 6: 0.993}",100,0.8400,2
Datensatz,ohne 1,bekannt (20%),,TCN->TCN,75,50,12,8,10,2conv+wn,1-2-4-8,67977,440,0.9136,0.9359,"{1: 1.0, 2: 1.0, 3: 0.962, 4: 0.718, 6: 1.0}",12,0.9167,1
Datensatz,ohne 1,ungesehen: 1,1,TCN->TCN,75,50,12,8,10,2conv+wn,1-2-4-8,67977,6568,0.8156,0.8677,"{1: 0.969, 2: 0.954, 3: 0.589, 4: 0.839, 6: 0.987}",100,0.8400,2
Datensatz,ohne 1,bekannt (20%),,TCN->TCN,75,50,12,9,10,2conv+wn,1-2-4-8,67977,440,0.9727,0.9708,"{1: 1.0, 2: 1.0, 3: 0.936, 4: 0.952, 6: 0.967}",12,1.0000,1
Datensatz,ohne 1,ungesehen: 1,1,TCN->TCN,75,50,12,9,10,2conv+wn,1-2-4-8,67977,6568,0.8086,0.8649,"{1: 0.968, 2: 0.974, 3: 0.522, 4: 0.874, 6: 0.987}",100,0.8300,2
Datensatz,ohne 1,bekannt (20%),,GCN->TCN,75,50,12,0,10,2conv+wn,1-2-4-8,79753,440,0.9818,0.9751,"{1: 1.0, 2: 1.0, 3: 0.974, 4: 0.968, 6: 0.933}",12,1.0000,5
Datensatz,ohne 1,ungesehen: 1,1,GCN->TCN,75,50,12,0,10,2conv+wn,1-2-4-8,79753,6568,0.7970,0.7091,"{1: 0.966, 2: 0.955, 3: 0.554, 4: 0.883, 6: 0.187}",100,0.7800,5
Datensatz,ohne 1,bekannt (20%),,GCN->TCN,75,50,12,1,10,2conv+wn,1-2-4-8,79753,440,0.9909,0.9916,"{1: 1.0, 2: 1.0, 3: 0.974, 4: 0.984, 6: 1.0}",12,1.0000,5
Datensatz,ohne 1,ungesehen: 1,1,GCN->TCN,75,50,12,1,10,2conv+wn,1-2-4-8,79753,6568,0.7707,0.7407,"{1: 0.965, 2: 0.951, 3: 0.487, 4: 0.84, 6: 0.46}",100,0.8200,5
Datensatz,ohne 1,bekannt (20%),,GCN->TCN,75,50,12,2,10,2conv+wn,1-2-4-8,79753,440,0.9955,0.9958,"{1: 1.0, 2: 1.0, 3: 0.987, 4: 0.992, 6: 1.0}",12,1.0000,5
Datensatz,ohne 1,ungesehen: 1,1,GCN->TCN,75,50,12,2,10,2conv+wn,1-2-4-8,79753,6568,0.7856,0.7368,"{1: 0.98, 2: 0.933, 3: 0.552, 4: 0.839, 6: 0.38}",100,0.8100,5
Datensatz,ohne 1,bekannt (20%),,GCN->TCN,75,50,12,3,10,2conv+wn,1-2-4-8,79753,440,0.9932,0.9923,"{1: 1.0, 2: 1.0, 3: 0.962, 4: 1.0, 6: 1.0}",12,1.0000,4
Datensatz,ohne 1,ungesehen: 1,1,GCN->TCN,75,50,12,3,10,2conv+wn,1-2-4-8,79753,6568,0.7506,0.6913,"{1: 0.972, 2: 0.956, 3: 0.476, 4: 0.78, 6: 0.273}",100,0.7600,5
Datensatz,ohne 1,bekannt (20%),,GCN->TCN,75,50,12,4,10,2conv+wn,1-2-4-8,79753,440,0.9591,0.9356,"{1: 1.0, 2: 1.0, 3: 1.0, 4: 0.911, 6: 0.767}",12,1.0000,5
Datensatz,ohne 1,ungesehen: 1,1,GCN->TCN,75,50,12,4,10,2conv+wn,1-2-4-8,79753,6568,0.8200,0.6928,"{1: 0.991, 2: 0.957, 3: 0.638, 4: 0.872, 6: 0.007}",100,0.7900,5
Datensatz,ohne 1,bekannt (20%),,GCN->TCN,75,50,12,5,10,2conv+wn,1-2-4-8,79753,440,0.9864,0.9865,"{1: 1.0, 2: 1.0, 3: 0.949, 4: 0.984, 6: 1.0}",12,1.0000,4
Datensatz,ohne 1,ungesehen: 1,1,GCN->TCN,75,50,12,5,10,2conv+wn,1-2-4-8,79753,6568,0.8018,0.7506,"{1: 0.979, 2: 0.971, 3: 0.56, 4: 0.85, 6: 0.393}",100,0.7800,5
Datensatz,ohne 1,bekannt (20%),,GCN->TCN,75,50,12,6,10,2conv+wn,1-2-4-8,79753,440,0.9886,0.9891,"{1: 1.0, 2: 1.0, 3: 0.962, 4: 0.984, 6: 1.0}",12,1.0000,5
Datensatz,ohne 1,ungesehen: 1,1,GCN->TCN,75,50,12,6,10,2conv+wn,1-2-4-8,79753,6568,0.7812,0.7338,"{1: 0.977, 2: 0.972, 3: 0.533, 4: 0.8, 6: 0.387}",100,0.8000,5
Datensatz,ohne 1,bekannt (20%),,GCN->TCN,75,50,12,7,10,2conv+wn,1-2-4-8,79753,440,0.9682,0.9626,"{1: 1.0, 2: 1.0, 3: 0.936, 4: 0.944, 6: 0.933}",12,1.0000,5
Datensatz,ohne 1,ungesehen: 1,1,GCN->TCN,75,50,12,7,10,2conv+wn,1-2-4-8,79753,6568,0.7552,0.6959,"{1: 0.971, 2: 0.903, 3: 0.497, 4: 0.835, 6: 0.273}",100,0.8000,5
Datensatz,ohne 1,bekannt (20%),,GCN->TCN,75,50,12,8,10,2conv+wn,1-2-4-8,79753,440,0.9841,0.9757,"{1: 1.0, 2: 1.0, 3: 0.962, 4: 0.984, 6: 0.933}",12,1.0000,5
Datensatz,ohne 1,ungesehen: 1,1,GCN->TCN,75,50,12,8,10,2conv+wn,1-2-4-8,79753,6568,0.7658,0.6885,"{1: 0.967, 2: 0.977, 3: 0.45, 4: 0.861, 6: 0.187}",100,0.7700,5
Datensatz,ohne 1,bekannt (20%),,GCN->TCN,75,50,12,9,10,2conv+wn,1-2-4-8,79753,440,0.9750,0.9623,"{1: 1.0, 2: 1.0, 3: 0.936, 4: 0.976, 6: 0.9}",12,1.0000,5
Datensatz,ohne 1,ungesehen: 1,1,GCN->TCN,75,50,12,9,10,2conv+wn,1-2-4-8,79753,6568,0.7716,0.6853,"{1: 0.969, 2: 0.967, 3: 0.452, 4: 0.897, 6: 0.14}",100,0.7800,5
Datensatz,alle Personen (80/20),bekannt (20%),,voll12,50,,12,0,10,2conv+wn,1-2-4-8,23749,1716,0.8252,0.8661,"{1: 0.946, 2: 0.603, 3: 0.904, 4: 0.878, 6: 1.0}",34,0.9118,0
Datensatz,alle Personen (80/20),bekannt (20%),,voll12,50,,12,1,10,2conv+wn,1-2-4-8,23749,1716,0.7966,0.8469,"{1: 0.96, 2: 0.429, 3: 0.944, 4: 0.902, 6: 1.0}",34,0.8529,0
Datensatz,alle Personen (80/20),bekannt (20%),,voll12,50,,12,2,10,2conv+wn,1-2-4-8,23749,1716,0.8584,0.8858,"{1: 0.946, 2: 0.68, 3: 0.944, 4: 0.892, 6: 0.967}",34,0.9118,0
Datensatz,alle Personen (80/20),bekannt (20%),,voll12,50,,12,3,10,2conv+wn,1-2-4-8,23749,1716,0.8537,0.8861,"{1: 0.953, 2: 0.8, 3: 0.838, 4: 0.839, 6: 1.0}",34,0.9118,0
Datensatz,alle Personen (80/20),bekannt (20%),,voll12,50,,12,4,10,2conv+wn,1-2-4-8,23749,1716,0.8048,0.8469,"{1: 0.946, 2: 0.577, 3: 0.929, 4: 0.815, 6: 0.967}",34,0.9412,0
Datensatz,alle Personen (80/20),bekannt (20%),,voll12,50,,12,5,10,2conv+wn,1-2-4-8,23749,1716,0.8217,0.8566,"{1: 0.95, 2: 0.582, 3: 0.944, 4: 0.857, 6: 0.95}",34,0.9412,0
Datensatz,alle Personen (80/20),bekannt (20%),,voll12,50,,12,6,10,2conv+wn,1-2-4-8,23749,1716,0.8497,0.8815,"{1: 0.946, 2: 0.74, 3: 0.896, 4: 0.841, 6: 0.983}",34,0.9118,0
Datensatz,alle Personen (80/20),bekannt (20%),,voll12,50,,12,7,10,2conv+wn,1-2-4-8,23749,1716,0.8042,0.8519,"{1: 0.95, 2: 0.524, 3: 0.929, 4: 0.857, 6: 1.0}",34,0.9118,0
Datensatz,alle Personen (80/20),bekannt (20%),,voll12,50,,12,8,10,2conv+wn,1-2-4-8,23749,1716,0.7815,0.8294,"{1: 0.946, 2: 0.367, 3: 0.959, 4: 0.908, 6: 0.967}",34,0.8824,0
Datensatz,alle Personen (80/20),bekannt (20%),,voll12,50,,12,9,10,2conv+wn,1-2-4-8,23749,1716,0.8199,0.8512,"{1: 0.946, 2: 0.592, 3: 0.919, 4: 0.865, 6: 0.933}",34,0.9118,0
Datensatz,alle Personen (80/20),bekannt (20%),,pos4,50,,12,0,10,2conv+wn,1-2-4-8,22725,1716,0.8019,0.8483,"{1: 0.946, 2: 0.605, 3: 0.863, 4: 0.827, 6: 1.0}",34,0.9118,0
Datensatz,alle Personen (80/20),bekannt (20%),,pos4,50,,12,1,10,2conv+wn,1-2-4-8,22725,1716,0.7727,0.8208,"{1: 0.96, 2: 0.431, 3: 0.853, 4: 0.894, 6: 0.967}",34,0.8824,0
Datensatz,alle Personen (80/20),bekannt (20%),,pos4,50,,12,2,10,2conv+wn,1-2-4-8,22725,1716,0.8159,0.8522,"{1: 0.946, 2: 0.612, 3: 0.934, 4: 0.819, 6: 0.95}",34,0.9118,0
Datensatz,alle Personen (80/20),bekannt (20%),,pos4,50,,12,3,10,2conv+wn,1-2-4-8,22725,1716,0.8159,0.8541,"{1: 0.95, 2: 0.627, 3: 0.898, 4: 0.829, 6: 0.967}",34,1.0000,0
Datensatz,alle Personen (80/20),bekannt (20%),,pos4,50,,12,4,10,2conv+wn,1-2-4-8,22725,1716,0.8712,0.8964,"{1: 0.943, 2: 0.783, 3: 0.962, 4: 0.827, 6: 0.967}",34,0.9412,0
Datensatz,alle Personen (80/20),bekannt (20%),,pos4,50,,12,5,10,2conv+wn,1-2-4-8,22725,1716,0.8613,0.8752,"{1: 0.95, 2: 0.83, 3: 0.731, 4: 0.932, 6: 0.933}",34,0.9706,0
Datensatz,alle Personen (80/20),bekannt (20%),,pos4,50,,12,6,10,2conv+wn,1-2-4-8,22725,1716,0.8351,0.8726,"{1: 0.95, 2: 0.723, 3: 0.853, 4: 0.837, 6: 1.0}",34,0.9412,0
Datensatz,alle Personen (80/20),bekannt (20%),,pos4,50,,12,7,10,2conv+wn,1-2-4-8,22725,1716,0.8584,0.8888,"{1: 0.946, 2: 0.689, 3: 0.944, 4: 0.882, 6: 0.983}",34,0.9118,0
Datensatz,alle Personen (80/20),bekannt (20%),,pos4,50,,12,8,10,2conv+wn,1-2-4-8,22725,1716,0.8636,0.8898,"{1: 0.943, 2: 0.822, 3: 0.845, 4: 0.855, 6: 0.983}",34,0.9706,0
Datensatz,alle Personen (80/20),bekannt (20%),,pos4,50,,12,9,10,2conv+wn,1-2-4-8,22725,1716,0.7768,0.8334,"{1: 0.95, 2: 0.56, 3: 0.926, 4: 0.731, 6: 1.0}",34,0.9118,0
Datensatz,alle Personen (80/20),bekannt (20%),,tips6pos,50,,12,0,10,2conv+wn,1-2-4-8,23749,1716,0.8689,0.8944,"{1: 0.946, 2: 0.706, 3: 0.898, 4: 0.938, 6: 0.983}",34,0.9412,1
Datensatz,alle Personen (80/20),bekannt (20%),,tips6pos,50,,12,1,10,2conv+wn,1-2-4-8,23749,1716,0.8100,0.8521,"{1: 0.953, 2: 0.637, 3: 0.794, 4: 0.876, 6: 1.0}",34,0.9118,1
Datensatz,alle Personen (80/20),bekannt (20%),,tips6pos,50,,12,2,10,2conv+wn,1-2-4-8,23749,1716,0.8258,0.8621,"{1: 0.946, 2: 0.738, 3: 0.756, 4: 0.869, 6: 1.0}",34,0.9118,1
Datensatz,alle Personen (80/20),bekannt (20%),,tips6pos,50,,12,3,10,2conv+wn,1-2-4-8,23749,1716,0.8549,0.8873,"{1: 0.95, 2: 0.736, 3: 0.873, 4: 0.878, 6: 1.0}",34,0.9118,1
Datensatz,alle Personen (80/20),bekannt (20%),,tips6pos,50,,12,4,10,2conv+wn,1-2-4-8,23749,1716,0.8403,0.8802,"{1: 0.95, 2: 0.758, 3: 0.937, 4: 0.757, 6: 1.0}",34,0.9412,1
Datensatz,alle Personen (80/20),bekannt (20%),,tips6pos,50,,12,5,10,2conv+wn,1-2-4-8,23749,1716,0.8129,0.8570,"{1: 0.946, 2: 0.584, 3: 0.893, 4: 0.861, 6: 1.0}",34,0.9412,1
Datensatz,alle Personen (80/20),bekannt (20%),,tips6pos,50,,12,6,10,2conv+wn,1-2-4-8,23749,1716,0.8747,0.9028,"{1: 0.946, 2: 0.794, 3: 0.906, 4: 0.867, 6: 1.0}",34,0.9412,1
Datensatz,alle Personen (80/20),bekannt (20%),,tips6pos,50,,12,7,10,2conv+wn,1-2-4-8,23749,1716,0.8065,0.8534,"{1: 0.946, 2: 0.644, 3: 0.896, 4: 0.781, 6: 1.0}",34,0.9118,1
Datensatz,alle Personen (80/20),bekannt (20%),,tips6pos,50,,12,8,10,2conv+wn,1-2-4-8,23749,1716,0.8607,0.8879,"{1: 0.943, 2: 0.717, 3: 0.881, 4: 0.916, 6: 0.983}",34,0.9412,1
Datensatz,alle Personen (80/20),bekannt (20%),,tips6pos,50,,12,9,10,2conv+wn,1-2-4-8,23749,1716,0.8205,0.8633,"{1: 0.946, 2: 0.652, 3: 0.898, 4: 0.819, 6: 1.0}",34,0.8824,1
Datensatz,alle Personen (80/20),bekannt (20%),,GCN,50,,12,0,10,2conv+wn,1-2-4-8,28613,1716,0.8491,0.8875,"{1: 0.943, 2: 0.766, 3: 0.98, 4: 0.749, 6: 1.0}",34,0.9118,1
Datensatz,alle Personen (80/20),bekannt (20%),,GCN,50,,12,1,10,2conv+wn,1-2-4-8,28613,1716,0.8922,0.9183,"{1: 0.95, 2: 0.815, 3: 0.977, 4: 0.849, 6: 1.0}",34,1.0000,1
Datensatz,alle Personen (80/20),bekannt (20%),,GCN,50,,12,2,10,2conv+wn,1-2-4-8,28613,1716,0.8869,0.9144,"{1: 0.943, 2: 0.796, 3: 0.987, 4: 0.845, 6: 1.0}",34,0.9118,1
Datensatz,alle Personen (80/20),bekannt (20%),,GCN,50,,12,3,10,2conv+wn,1-2-4-8,28613,1716,0.9050,0.9264,"{1: 0.95, 2: 0.813, 3: 0.959, 4: 0.91, 6: 1.0}",34,0.9118,1
Datensatz,alle Personen (80/20),bekannt (20%),,GCN,50,,12,4,10,2conv+wn,1-2-4-8,28613,1716,0.8683,0.8973,"{1: 0.946, 2: 0.781, 3: 0.954, 4: 0.821, 6: 0.983}",34,0.9412,1
Datensatz,alle Personen (80/20),bekannt (20%),,GCN,50,,12,5,10,2conv+wn,1-2-4-8,28613,1716,0.9021,0.9239,"{1: 0.94, 2: 0.856, 3: 0.954, 4: 0.869, 6: 1.0}",34,0.9706,1
Datensatz,alle Personen (80/20),bekannt (20%),,GCN,50,,12,6,10,2conv+wn,1-2-4-8,28613,1716,0.9143,0.9316,"{1: 0.943, 2: 0.792, 3: 0.949, 4: 0.974, 6: 1.0}",34,0.9706,1
Datensatz,alle Personen (80/20),bekannt (20%),,GCN,50,,12,7,10,2conv+wn,1-2-4-8,28613,1716,0.8671,0.8935,"{1: 0.943, 2: 0.73, 3: 0.975, 4: 0.853, 6: 0.967}",34,0.9706,1
Datensatz,alle Personen (80/20),bekannt (20%),,GCN,50,,12,8,10,2conv+wn,1-2-4-8,28613,1716,0.8415,0.8813,"{1: 0.943, 2: 0.715, 3: 0.972, 4: 0.777, 6: 1.0}",34,0.8824,1
Datensatz,alle Personen (80/20),bekannt (20%),,GCN,50,,12,9,10,2conv+wn,1-2-4-8,28613,1716,0.8881,0.9148,"{1: 0.95, 2: 0.781, 3: 0.97, 4: 0.873, 6: 1.0}",34,0.9118,1
Datensatz,alle Personen (80/20),bekannt (20%),,TCN->TCN,75,50,12,0,10,2conv+wn,1-2-4-8,67977,1686,0.8992,0.9089,"{1: 0.971, 2: 0.867, 3: 0.985, 4: 0.821, 6: 0.9}",34,0.9118,0
Datensatz,alle Personen (80/20),bekannt (20%),,TCN->TCN,75,50,12,1,10,2conv+wn,1-2-4-8,67977,1686,0.9282,0.9380,"{1: 0.96, 2: 0.876, 3: 0.952, 4: 0.936, 6: 0.967}",34,1.0000,0
Datensatz,alle Personen (80/20),bekannt (20%),,TCN->TCN,75,50,12,2,10,2conv+wn,1-2-4-8,67977,1686,0.9146,0.9241,"{1: 0.964, 2: 0.885, 3: 0.969, 4: 0.869, 6: 0.933}",34,1.0000,0
Datensatz,alle Personen (80/20),bekannt (20%),,TCN->TCN,75,50,12,3,10,2conv+wn,1-2-4-8,67977,1686,0.9051,0.9285,"{1: 0.967, 2: 0.854, 3: 0.952, 4: 0.869, 6: 1.0}",34,1.0000,0
Datensatz,alle Personen (80/20),bekannt (20%),,TCN->TCN,75,50,12,4,10,2conv+wn,1-2-4-8,67977,1686,0.9152,0.9200,"{1: 0.967, 2: 0.874, 3: 0.997, 4: 0.861, 6: 0.9}",34,0.9412,0
Datensatz,alle Personen (80/20),bekannt (20%),,TCN->TCN,75,50,12,5,10,2conv+wn,1-2-4-8,67977,1686,0.9259,0.9177,"{1: 0.975, 2: 0.909, 3: 0.952, 4: 0.904, 6: 0.85}",34,1.0000,0
Datensatz,alle Personen (80/20),bekannt (20%),,TCN->TCN,75,50,12,6,10,2conv+wn,1-2-4-8,67977,1686,0.9223,0.9423,"{1: 0.978, 2: 0.859, 3: 0.977, 4: 0.898, 6: 1.0}",34,0.9706,0
Datensatz,alle Personen (80/20),bekannt (20%),,TCN->TCN,75,50,12,7,10,2conv+wn,1-2-4-8,67977,1686,0.9158,0.9237,"{1: 0.964, 2: 0.852, 3: 0.952, 4: 0.918, 6: 0.933}",34,1.0000,0
Datensatz,alle Personen (80/20),bekannt (20%),,TCN->TCN,75,50,12,8,10,2conv+wn,1-2-4-8,67977,1686,0.9015,0.9277,"{1: 0.967, 2: 0.841, 3: 0.992, 4: 0.837, 6: 1.0}",34,1.0000,0
Datensatz,alle Personen (80/20),bekannt (20%),,TCN->TCN,75,50,12,9,10,2conv+wn,1-2-4-8,67977,1686,0.8938,0.9193,"{1: 0.964, 2: 0.839, 3: 0.926, 4: 0.867, 6: 1.0}",34,0.9706,1
Datensatz,alle Personen (80/20),bekannt (20%),,GCN->TCN,75,50,12,0,10,2conv+wn,1-2-4-8,79753,1686,0.8749,0.8829,"{1: 0.964, 2: 0.917, 3: 0.827, 4: 0.823, 6: 0.883}",34,0.8824,1
Datensatz,alle Personen (80/20),bekannt (20%),,GCN->TCN,75,50,12,1,10,2conv+wn,1-2-4-8,79753,1686,0.8565,0.8963,"{1: 0.993, 2: 0.822, 3: 0.926, 4: 0.741, 6: 1.0}",34,0.8824,1
Datensatz,alle Personen (80/20),bekannt (20%),,GCN->TCN,75,50,12,2,10,2conv+wn,1-2-4-8,79753,1686,0.8903,0.9180,"{1: 0.975, 2: 0.865, 3: 0.921, 4: 0.829, 6: 1.0}",34,0.9412,1
Datensatz,alle Personen (80/20),bekannt (20%),,GCN->TCN,75,50,12,3,10,2conv+wn,1-2-4-8,79753,1686,0.9057,0.9230,"{1: 0.971, 2: 0.87, 3: 0.867, 4: 0.924, 6: 0.983}",34,0.9118,1
Datensatz,alle Personen (80/20),bekannt (20%),,GCN->TCN,75,50,12,4,10,2conv+wn,1-2-4-8,79753,1686,0.8938,0.9197,"{1: 0.982, 2: 0.891, 3: 0.88, 4: 0.845, 6: 1.0}",34,0.8824,1
Datensatz,alle Personen (80/20),bekannt (20%),,GCN->TCN,75,50,12,5,10,2conv+wn,1-2-4-8,79753,1686,0.8019,0.8353,"{1: 0.971, 2: 0.924, 3: 0.439, 4: 0.859, 6: 0.983}",34,0.8824,1
Datensatz,alle Personen (80/20),bekannt (20%),,GCN->TCN,75,50,12,6,10,2conv+wn,1-2-4-8,79753,1686,0.9045,0.9276,"{1: 0.967, 2: 0.87, 3: 0.934, 4: 0.867, 6: 1.0}",34,0.9118,1
Datensatz,alle Personen (80/20),bekannt (20%),,GCN->TCN,75,50,12,7,10,2conv+wn,1-2-4-8,79753,1686,0.8102,0.8500,"{1: 0.967, 2: 0.854, 3: 0.615, 4: 0.813, 6: 1.0}",34,0.9412,1
Datensatz,alle Personen (80/20),bekannt (20%),,GCN->TCN,75,50,12,8,10,2conv+wn,1-2-4-8,79753,1686,0.9176,0.9344,"{1: 0.964, 2: 0.915, 3: 0.946, 4: 0.863, 6: 0.983}",34,0.9706,1
Datensatz,alle Personen (80/20),bekannt (20%),,GCN->TCN,75,50,12,9,10,2conv+wn,1-2-4-8,79753,1686,0.9021,0.9231,"{1: 0.967, 2: 0.891, 3: 0.857, 4: 0.9, 6: 1.0}",34,0.9118,1
